id,company_id,creationDate,domain,majorVersion,type
186,1625,"2008-11-27 00:00:00",xxx,5,self-hosted
674,2691,"2010-07-02 00:00:00",xxx,5,self-hosted
6582,13515,"2012-05-23 17:41:21",xxx,5,self-hosted
10629,20391,"2013-03-18 16:00:41",xxx,5,self-hosted
11562,22502,"2013-04-30 14:05:42",xxx,5,self-hosted
13493,8670,"2013-07-29 15:36:38",xxx,5,self-hosted
16341,28716,"2013-11-22 16:31:55",xxx,5,self-hosted
20040,11267,"2014-04-16 15:51:28",xxx,5,self-hosted
24696,39927,"2014-10-15 11:14:55",xxx,5,self-hosted
27533,44596,"2015-02-02 11:13:42",xxx,5,self-hosted
28004,40321,"2015-02-18 12:05:38",xxx,5,self-hosted
30495,47269,"2015-05-04 17:22:50",xxx,5,self-hosted
31147,49468,"2015-05-22 16:49:25",xxx,5,self-hosted
32160,46982,"2015-06-22 10:03:53",xxx,5,self-hosted
32888,51770,"2015-07-13 14:01:28",xxx,5,self-hosted
39820,48601,"2016-01-12 14:47:14",xxx,5,self-hosted
41787,63462,"2016-02-22 15:11:15",xxx,5,self-hosted
42322,64398,"2016-03-04 16:29:35",xxx,5,self-hosted
42920,41435,"2016-03-18 10:40:56",xxx,5,self-hosted
43029,65373,"2016-03-21 13:14:20",xxx,5,self-hosted
46621,64100,"2016-06-21 15:25:02",xxx,5,self-hosted
47529,45684,"2016-07-13 08:44:06",xxx,5,self-hosted
48234,74348,"2016-07-29 10:24:15",xxx,5,self-hosted
49390,73476,"2016-08-24 15:26:45",xxx,5,self-hosted
50044,75582,"2016-09-08 13:12:51",xxx,5,self-hosted
54692,58546,"2016-12-14 17:29:12",xxx,5,self-hosted
55325,83916,"2017-01-01 15:30:44",xxx,5,self-hosted
55637,64095,"2017-01-09 13:04:29",xxx,5,self-hosted
55685,64789,"2017-01-10 10:24:12",xxx,5,self-hosted
61453,43824,"2017-05-02 11:15:41",xxx,5,self-hosted
67492,95745,"2017-09-12 16:31:27",xxx,5,self-hosted
68083,99603,"2017-09-25 09:49:17",xxx,5,self-hosted
69516,99574,"2017-10-23 12:48:05",xxx,5,self-hosted
70086,101864,"2017-11-04 21:51:34",xxx,5,self-hosted
70959,102819,"2017-11-22 10:19:28",xxx,5,self-hosted
71132,97988,"2017-11-24 16:47:03",xxx,5,self-hosted
76253,91540,"2018-03-05 13:19:09",xxx,5,self-hosted
77766,110198,"2018-03-30 11:22:30",xxx,5,self-hosted
82218,110128,"2018-06-26 12:23:31",xxx,5,self-hosted
83785,116692,"2018-07-26 09:00:46",xxx,5,self-hosted
85308,118071,"2018-08-25 19:51:11",xxx,5,self-hosted
90640,123290,"2018-11-26 21:46:37",xxx,5,self-hosted
98876,130755,"2019-04-17 10:40:02",xxx,5,self-hosted
100849,70779,"2019-05-28 08:26:30",xxx,6,self-hosted
101419,1120,"2019-06-06 21:48:05",xxx,6,self-hosted
101465,11487,"2019-06-07 15:27:14",xxx,6,self-hosted
101500,66207,"2019-06-08 20:39:01",xxx,6,self-hosted
103313,131457,"2019-07-16 16:23:17",xxx,6,self-hosted
103491,134810,"2019-07-19 10:10:34",xxx,6,self-hosted
103730,92189,"2019-07-23 15:22:10",xxx,6,self-hosted
103883,20641,"2019-07-25 17:20:23",xxx,6,self-hosted
103903,128889,"2019-07-26 09:38:05",xxx,6,self-hosted
104412,27980,"2019-08-04 23:12:37",xxx,6,self-hosted
104721,135801,"2019-08-08 21:42:38",xxx,6,self-hosted
105443,21869,"2019-08-20 13:27:52",xxx,6,self-hosted
105483,115257,"2019-08-20 18:11:05",xxx,6,self-hosted
105795,47473,"2019-08-26 14:57:32",xxx,6,self-hosted
105851,89172,"2019-08-27 10:10:47",xxx,6,self-hosted
107750,135943,"2019-09-27 09:25:46",xxx,5,self-hosted
108774,137396,"2019-10-16 11:18:23",xxx,6,self-hosted
108775,139952,"2019-10-16 11:21:29",xxx,5,self-hosted
109187,58027,"2019-10-23 08:48:07",xxx,6,self-hosted
109847,123927,"2019-11-04 21:16:30",xxx,6,self-hosted
110622,129356,"2019-11-18 12:58:31",xxx,6,self-hosted
111187,98911,"2019-11-27 09:44:55",xxx,5,self-hosted
111851,125700,"2019-12-08 18:50:19",xxx,6,self-hosted
112110,140283,"2019-12-11 16:36:28",xxx,6,self-hosted
112575,98605,"2019-12-18 11:20:11",xxx,6,self-hosted
113591,144268,"2020-01-06 08:47:15",xxx,6,self-hosted
113828,144156,"2020-01-09 12:48:42",xxx,6,self-hosted
114494,147300,"2020-01-17 23:32:47",xxx,6,self-hosted
114647,145380,"2020-01-20 17:28:50",xxx,6,self-hosted
115727,144688,"2020-02-05 11:14:41",xxx,6,self-hosted
115892,142033,"2020-02-07 09:08:51",xxx,6,self-hosted
116182,126344,"2020-02-11 21:53:29",xxx,6,self-hosted
117709,144486,"2020-03-05 13:11:43",xxx,6,self-hosted
117982,153069,"2020-03-10 13:49:53",xxx,6,self-hosted
118704,19640,"2020-03-21 18:29:23",xxx,6,self-hosted
119233,145391,"2020-03-26 16:47:38",xxx,6,self-hosted
119759,145071,"2020-04-01 13:31:37",xxx,6,self-hosted
120018,118181,"2020-04-03 14:59:57",xxx,5,self-hosted
120289,156905,"2020-04-07 11:27:30",xxx,6,self-hosted
120407,157451,"2020-04-08 10:38:02",xxx,6,self-hosted
120460,157876,"2020-04-08 15:37:09",xxx,6,self-hosted
120839,158578,"2020-04-14 15:48:33",xxx,6,self-hosted
120947,158889,"2020-04-15 15:19:19",xxx,6,self-hosted
121154,159278,"2020-04-17 15:22:38",xxx,6,self-hosted
122188,156989,"2020-04-29 16:43:23",xxx,6,self-hosted
122684,144563,"2020-05-06 08:35:43",xxx,6,self-hosted
123341,92548,"2020-05-13 18:40:21",xxx,6,self-hosted
123822,164256,"2020-05-20 11:13:51",xxx,6,self-hosted
123932,164505,"2020-05-22 12:14:46",xxx,6,self-hosted
124045,137684,"2020-05-25 08:34:43",xxx,6,self-hosted
124183,117077,"2020-05-26 12:28:07",xxx,6,self-hosted
124816,155476,"2020-06-03 17:33:54",xxx,6,self-hosted
124979,15955,"2020-06-05 09:03:27",xxx,6,self-hosted
125208,127050,"2020-06-08 10:57:46",xxx,6,self-hosted
125442,19400,"2020-06-10 10:56:18",xxx,6,self-hosted
125630,105557,"2020-06-12 15:56:55",xxx,6,self-hosted
126732,29499,"2020-06-22 09:21:26",xxx,6,self-hosted
127579,53808,"2020-06-26 14:00:01",xxx,6,self-hosted
127866,168871,"2020-06-29 11:35:04",xxx,6,self-hosted
128013,115094,"2020-06-30 08:36:58",xxx,6,self-hosted
128413,163937,"2020-07-01 16:57:04",xxx,6,self-hosted
128427,169196,"2020-07-01 18:56:05",xxx,6,self-hosted
128981,107616,"2020-07-06 13:53:50",xxx,6,self-hosted
129027,59788,"2020-07-06 16:24:36",xxx,6,self-hosted
129290,32596,"2020-07-08 13:22:41",xxx,6,self-hosted
129903,27842,"2020-07-13 14:45:00",xxx,6,self-hosted
129911,123802,"2020-07-13 15:23:48",xxx,6,self-hosted
130729,130880,"2020-07-20 11:48:32",xxx,6,self-hosted
131203,74106,"2020-07-23 10:43:45",xxx,6,self-hosted
131652,133628,"2020-07-27 15:52:29",xxx,6,self-hosted
131726,63783,"2020-07-28 08:26:36",xxx,6,self-hosted
131967,170912,"2020-07-29 15:22:17",xxx,6,self-hosted
132184,171019,"2020-07-31 11:33:54",xxx,6,self-hosted
132808,121251,"2020-08-05 14:19:03",xxx,6,self-hosted
132941,145458,"2020-08-06 13:54:04",xxx,6,self-hosted
133474,141483,"2020-08-11 13:55:20",xxx,6,self-hosted
133800,171709,"2020-08-13 16:51:12",xxx,6,self-hosted
134307,127477,"2020-08-18 10:20:53",xxx,6,self-hosted
134703,171928,"2020-08-20 11:06:19",xxx,6,self-hosted
135078,33761,"2020-08-23 09:36:46",xxx,6,self-hosted
136410,170224,"2020-09-01 10:33:36",xxx,6,self-hosted
136422,172768,"2020-09-01 11:28:19",xxx,6,self-hosted
136835,135994,"2020-09-03 17:39:00",xxx,6,self-hosted
138436,145552,"2020-09-14 01:06:16",xxx,6,self-hosted
140132,124244,"2020-09-24 15:51:49",xxx,6,self-hosted
141001,27830,"2020-09-30 07:37:10",xxx,6,self-hosted
141360,106418,"2020-10-02 09:31:37",xxx,6,self-hosted
141763,171667,"2020-10-05 15:23:55",xxx,6,self-hosted
141783,41914,"2020-10-05 16:53:50",xxx,6,self-hosted
142524,175267,"2020-10-09 12:24:47",xxx,6,self-hosted
142755,35476,"2020-10-11 09:02:11",xxx,6,self-hosted
143005,174398,"2020-10-12 16:33:13",xxx,6,self-hosted
143334,175615,"2020-10-14 09:45:22",xxx,6,self-hosted
144660,176324,"2020-10-22 13:09:32",xxx,6,self-hosted
144857,176403,"2020-10-23 12:35:55",xxx,6,self-hosted
145608,135725,"2020-10-27 23:18:06",xxx,6,self-hosted
146050,41641,"2020-10-30 08:35:32",xxx,6,self-hosted
146742,98199,"2020-11-03 17:40:44",xxx,6,self-hosted
147275,177469,"2020-11-06 12:58:02",xxx,6,self-hosted
147661,177606,"2020-11-09 10:53:38",xxx,6,self-hosted
147912,157758,"2020-11-10 10:52:37",xxx,6,self-hosted
148237,177057,"2020-11-11 16:29:57",xxx,6,self-hosted
148641,154791,"2020-11-13 21:06:44",xxx,6,self-hosted
148705,52771,"2020-11-14 15:34:34",xxx,6,self-hosted
149418,10602,"2020-11-18 16:03:06",xxx,6,self-hosted
149815,178483,"2020-11-20 19:02:53",xxx,6,self-hosted
150283,178771,"2020-11-23 23:45:02",xxx,5,self-hosted
150396,58361,"2020-11-24 14:47:41",xxx,6,self-hosted
150730,177834,"2020-11-26 10:51:17",xxx,6,self-hosted
151547,176115,"2020-12-01 12:36:44",xxx,6,self-hosted
151740,80031,"2020-12-02 11:08:20",xxx,6,self-hosted
151951,103871,"2020-12-03 12:05:55",xxx,6,self-hosted
152207,172059,"2020-12-04 15:54:15",xxx,6,self-hosted
152932,166853,"2020-12-09 12:14:31",xxx,6,self-hosted
153118,144407,"2020-12-10 11:11:27",xxx,6,self-hosted
153341,178491,"2020-12-11 15:50:07",xxx,6,self-hosted
154752,174269,"2020-12-22 09:22:00",xxx,6,self-hosted
154801,131457,"2020-12-22 13:26:27",xxx,6,self-hosted
154888,180753,"2020-12-23 08:06:08",xxx,5,self-hosted
155554,180999,"2020-12-29 14:44:30",xxx,6,self-hosted
155603,181021,"2020-12-29 20:22:47",xxx,6,self-hosted
155670,143001,"2020-12-30 11:06:28",xxx,6,self-hosted
155870,26235,"2020-12-31 17:19:22",xxx,6,self-hosted
156930,61601,"2021-01-07 13:18:21",xxx,6,self-hosted
157040,164029,"2021-01-07 20:30:16",xxx,6,self-hosted
158051,181952,"2021-01-13 16:17:02",xxx,NULL,saas
158515,182125,"2021-01-15 17:55:23",xxx,6,self-hosted
158905,182297,"2021-01-18 12:56:04",xxx,6,self-hosted
159443,182506,"2021-01-20 17:35:21",xxx,6,self-hosted
160306,182907,"2021-01-25 20:42:43",xxx,6,self-hosted
160566,13548,"2021-01-27 09:31:03",xxx,6,self-hosted
161449,183074,"2021-01-31 19:54:29",xxx,6,self-hosted
161877,176921,"2021-02-02 16:30:44",xxx,6,self-hosted
161961,161629,"2021-02-03 07:52:26",xxx,6,self-hosted
162075,60945,"2021-02-03 14:40:53",xxx,6,self-hosted
162306,183712,"2021-02-04 15:32:32",xxx,6,self-hosted
162635,183693,"2021-02-06 11:48:20",xxx,6,self-hosted
163154,184012,"2021-02-09 12:26:10",xxx,5,self-hosted
164015,184381,"2021-02-13 19:20:10",xxx,6,self-hosted
164301,184477,"2021-02-15 16:28:38",xxx,6,self-hosted
165117,31156,"2021-02-19 15:37:46",xxx,6,self-hosted
165669,5192,"2021-02-23 09:08:47",xxx,6,self-hosted
165953,123263,"2021-02-24 13:44:47",xxx,6,self-hosted
166684,97808,"2021-03-01 12:21:06",xxx,6,self-hosted
168184,186054,"2021-03-09 12:59:03",xxx,6,self-hosted
168624,186064,"2021-03-11 15:59:49",xxx,6,self-hosted
169281,87792,"2021-03-15 17:55:40",xxx,6,self-hosted
169873,57925,"2021-03-18 17:12:00",xxx,6,self-hosted
170598,155384,"2021-03-23 13:30:13",xxx,6,self-hosted
170776,186440,"2021-03-24 13:45:17",xxx,6,self-hosted
171880,26497,"2021-03-31 17:25:53",xxx,6,self-hosted
172000,187495,"2021-04-01 12:47:07",xxx,6,self-hosted
172262,187665,"2021-04-03 16:28:38",xxx,6,self-hosted
172492,187762,"2021-04-06 08:34:27",xxx,6,self-hosted
172576,187782,"2021-04-06 13:33:15",xxx,6,self-hosted
172651,187835,"2021-04-06 18:04:07",xxx,6,self-hosted
172703,183494,"2021-04-07 08:43:07",xxx,6,self-hosted
172796,187897,"2021-04-07 14:27:21",xxx,6,self-hosted
173127,185972,"2021-04-09 14:38:23",xxx,6,self-hosted
173682,188315,"2021-04-14 10:35:58",xxx,6,self-hosted
174345,187821,"2021-04-19 08:59:54",xxx,6,self-hosted
174781,188311,"2021-04-21 13:49:18",xxx,6,self-hosted
175123,145267,"2021-04-23 11:30:02",xxx,6,self-hosted
175540,189008,"2021-04-26 16:49:55",xxx,5,self-hosted
175545,189086,"2021-04-26 17:30:16",xxx,NULL,saas
176425,60616,"2021-05-03 14:20:58",xxx,6,self-hosted
176625,189460,"2021-05-04 15:34:52",xxx,6,self-hosted
176649,105653,"2021-05-04 16:49:41",xxx,6,self-hosted
177439,189676,"2021-05-10 15:34:45",xxx,6,self-hosted
177584,189901,"2021-05-11 13:53:40",xxx,NULL,saas
177728,158641,"2021-05-12 11:18:59",xxx,6,self-hosted
177815,189991,"2021-05-12 18:48:02",xxx,6,self-hosted
178072,153502,"2021-05-15 11:11:08",xxx,6,self-hosted
178626,190174,"2021-05-19 12:24:14",xxx,6,self-hosted
179445,132291,"2021-05-26 10:06:42",xxx,6,self-hosted
179760,129364,"2021-05-27 21:42:24",xxx,6,self-hosted
179773,185712,"2021-05-28 07:52:21",xxx,6,self-hosted
180030,190771,"2021-05-31 11:11:38",xxx,6,self-hosted
180044,190929,"2021-05-31 12:17:57",xxx,6,self-hosted
180249,113425,"2021-06-01 16:30:51",xxx,6,self-hosted
181231,189890,"2021-06-10 08:46:53",xxx,6,self-hosted
181500,152556,"2021-06-12 09:12:58",xxx,6,self-hosted
182027,191537,"2021-06-16 16:34:41",xxx,6,self-hosted
182717,141064,"2021-06-23 09:49:02",xxx,6,self-hosted
183867,188972,"2021-07-02 12:54:44",xxx,6,self-hosted
183911,170311,"2021-07-02 17:18:02",xxx,6,self-hosted
184070,185446,"2021-07-05 11:15:54",xxx,6,self-hosted
184544,192864,"2021-07-08 13:53:01",xxx,6,self-hosted
184974,25013,"2021-07-13 08:45:33",xxx,6,self-hosted
185144,152950,"2021-07-14 09:51:30",xxx,6,self-hosted
185706,185158,"2021-07-19 14:43:01",xxx,6,self-hosted
186422,88507,"2021-07-27 12:07:27",xxx,6,self-hosted
186669,193845,"2021-07-29 17:49:43",xxx,6,self-hosted
186724,193882,"2021-07-30 14:52:22",xxx,6,self-hosted
187288,118567,"2021-08-06 11:04:31",xxx,6,self-hosted
187580,168502,"2021-08-10 11:11:13",xxx,6,self-hosted
187620,12303,"2021-08-10 14:36:30",xxx,6,self-hosted
187835,194432,"2021-08-12 10:34:03",xxx,6,self-hosted
187972,194110,"2021-08-13 12:34:48",xxx,6,self-hosted
188513,169092,"2021-08-18 15:38:04",xxx,6,self-hosted
188803,194477,"2021-08-20 15:47:27",xxx,6,self-hosted
188815,194867,"2021-08-20 17:29:32",xxx,6,self-hosted
190139,51591,"2021-09-03 11:24:09",xxx,6,self-hosted
190703,43123,"2021-09-09 11:20:45",xxx,6,self-hosted
190817,195696,"2021-09-10 09:23:58",xxx,6,self-hosted
190888,195765,"2021-09-10 16:53:59",xxx,NULL,saas
191344,126718,"2021-09-15 13:19:47",xxx,6,self-hosted
191585,141777,"2021-09-17 12:11:58",xxx,6,self-hosted
192421,22788,"2021-09-25 14:52:23",xxx,6,self-hosted
192803,58425,"2021-09-29 11:42:06",xxx,6,self-hosted
193057,189898,"2021-10-01 10:43:50",xxx,6,self-hosted
193536,196324,"2021-10-06 08:26:06",xxx,6,self-hosted
193564,196863,"2021-10-06 10:49:24",xxx,6,self-hosted
193703,37818,"2021-10-07 11:13:35",xxx,6,self-hosted
193772,51476,"2021-10-07 16:37:13",xxx,6,self-hosted
193996,197051,"2021-10-10 15:14:51",xxx,6,self-hosted
194170,121193,"2021-10-11 23:23:22",xxx,6,self-hosted
194252,174253,"2021-10-12 14:49:46",xxx,6,self-hosted
194519,197272,"2021-10-14 15:15:40",xxx,6,self-hosted
194928,197438,"2021-10-18 19:16:37",xxx,6,self-hosted
195267,172870,"2021-10-21 12:09:22",xxx,6,self-hosted
195287,182112,"2021-10-21 14:26:02",xxx,6,self-hosted
195744,195360,"2021-10-26 10:58:45",xxx,6,self-hosted
195992,189515,"2021-10-27 17:07:25",xxx,6,self-hosted
196633,198169,"2021-11-03 10:20:01",xxx,6,self-hosted
196663,73516,"2021-11-03 12:16:15",xxx,6,self-hosted
196732,189103,"2021-11-03 17:55:12",xxx,6,self-hosted
197763,64045,"2021-11-12 13:49:19",xxx,6,self-hosted
198007,198779,"2021-11-15 12:01:36",xxx,6,self-hosted
198630,63503,"2021-11-19 10:36:03",xxx,6,self-hosted
198696,131065,"2021-11-19 15:14:26",xxx,6,self-hosted
198803,44023,"2021-11-20 18:39:46",xxx,6,self-hosted
198976,198471,"2021-11-22 13:23:19",xxx,6,self-hosted
199104,199201,"2021-11-23 10:01:49",xxx,6,self-hosted
199112,199201,"2021-11-23 10:28:36",xxx,6,self-hosted
199534,5846,"2021-11-25 16:54:22",xxx,6,self-hosted
199895,199514,"2021-11-29 09:32:18",xxx,6,self-hosted
199981,185863,"2021-11-29 15:31:24",xxx,6,self-hosted
200400,24403,"2021-12-02 14:11:30",xxx,6,self-hosted
200829,199902,"2021-12-06 14:45:59",xxx,6,self-hosted
200844,131775,"2021-12-06 15:47:51",xxx,6,self-hosted
200929,42687,"2021-12-07 11:13:06",xxx,6,self-hosted
201285,200050,"2021-12-09 16:46:33",xxx,6,self-hosted
201973,188650,"2021-12-16 09:24:37",xxx,6,self-hosted
201983,200382,"2021-12-16 10:38:54",xxx,6,self-hosted
202522,158574,"2021-12-21 15:57:53",xxx,6,self-hosted
202591,179955,"2021-12-22 10:02:30",xxx,6,self-hosted
202980,28016,"2021-12-28 13:51:13",xxx,6,self-hosted
202985,195372,"2021-12-28 14:11:32",xxx,6,self-hosted
203013,200814,"2021-12-28 21:14:32",xxx,6,self-hosted
203134,189872,"2021-12-30 09:43:44",xxx,6,self-hosted
203717,200800,"2022-01-05 12:05:07",xxx,6,self-hosted
204394,43731,"2022-01-12 08:52:11",xxx,6,self-hosted
204623,167105,"2022-01-13 16:46:06",xxx,6,self-hosted
204675,201417,"2022-01-14 11:13:18",xxx,6,self-hosted
204854,201591,"2022-01-16 22:11:26",xxx,6,self-hosted
205004,201605,"2022-01-18 09:35:00",xxx,6,self-hosted
205194,65388,"2022-01-19 12:57:13",xxx,6,self-hosted
205255,62608,"2022-01-19 17:55:12",xxx,6,self-hosted
205520,201861,"2022-01-21 15:42:39",xxx,6,self-hosted
205544,96569,"2022-01-21 19:54:02",xxx,6,self-hosted
205757,136163,"2022-01-24 16:41:15",xxx,6,self-hosted
206100,118026,"2022-01-27 10:40:15",xxx,6,self-hosted
206108,52910,"2022-01-27 11:17:59",xxx,6,self-hosted
206215,202185,"2022-01-28 10:44:18",xxx,6,self-hosted
206773,200718,"2022-02-02 12:08:59",xxx,6,self-hosted
207526,202139,"2022-02-09 12:25:28",xxx,6,self-hosted
207681,191309,"2022-02-10 10:51:41",xxx,6,self-hosted
207684,48579,"2022-02-10 11:10:31",xxx,6,self-hosted
207855,202951,"2022-02-11 14:33:34",xxx,6,self-hosted
208494,13648,"2022-02-17 09:00:39",xxx,6,self-hosted
208805,184177,"2022-02-20 01:27:14",xxx,6,self-hosted
209067,206420,"2022-02-22 15:44:29",xxx,6,self-hosted
209398,92160,"2022-02-25 17:41:25",xxx,6,self-hosted
210180,74600,"2022-03-08 07:37:48",xxx,6,self-hosted
210217,198555,"2022-03-08 11:36:15",xxx,6,self-hosted
210354,201529,"2022-03-09 15:31:30",xxx,6,self-hosted
210706,203105,"2022-03-14 13:37:51",xxx,6,self-hosted
210837,206401,"2022-03-15 13:07:25",xxx,6,self-hosted
210988,40391,"2022-03-16 17:00:07",xxx,6,self-hosted
211065,193958,"2022-03-17 12:46:30",xxx,6,self-hosted
211409,195011,"2022-03-22 11:19:51",xxx,6,self-hosted
211415,12829,"2022-03-22 11:51:05",xxx,6,self-hosted
211492,17536,"2022-03-23 12:21:08",xxx,6,self-hosted
211618,87354,"2022-03-24 15:50:23",xxx,6,self-hosted
211879,207672,"2022-03-28 15:32:03",xxx,6,self-hosted
211936,127390,"2022-03-29 09:52:18",xxx,6,self-hosted
212011,196752,"2022-03-29 15:48:22",xxx,6,self-hosted
212051,207743,"2022-03-30 07:27:09",xxx,6,self-hosted
212276,25022,"2022-04-01 11:15:38",xxx,6,self-hosted
212282,179282,"2022-04-01 12:34:41",xxx,6,self-hosted
212291,207820,"2022-04-01 14:21:27",xxx,6,self-hosted
212433,106665,"2022-04-04 10:09:41",xxx,6,self-hosted
212800,74704,"2022-04-07 16:05:18",xxx,6,self-hosted
213314,208284,"2022-04-13 14:54:22",xxx,6,self-hosted
214478,30373,"2022-04-28 11:12:37",xxx,6,self-hosted
214780,208757,"2022-05-02 19:51:45",xxx,6,self-hosted
214869,72132,"2022-05-03 15:49:11",xxx,6,self-hosted
214916,202335,"2022-05-04 09:32:39",xxx,6,self-hosted
214974,45928,"2022-05-04 16:33:05",xxx,6,self-hosted
215067,129965,"2022-05-05 15:39:39",xxx,6,self-hosted
215339,209086,"2022-05-09 11:56:42",xxx,6,self-hosted
215411,139327,"2022-05-09 20:11:42",xxx,6,self-hosted
215469,196542,"2022-05-10 12:07:28",xxx,6,self-hosted
215475,208536,"2022-05-10 13:04:20",xxx,6,self-hosted
215699,82801,"2022-05-12 14:38:10",xxx,6,self-hosted
215752,143804,"2022-05-13 11:20:02",xxx,6,self-hosted
216033,125347,"2022-05-17 12:45:21",xxx,6,self-hosted
216067,209361,"2022-05-17 15:35:26",xxx,6,self-hosted
216387,120981,"2022-05-20 22:59:40",xxx,6,self-hosted
216515,209359,"2022-05-23 12:24:07",xxx,6,self-hosted
216619,208537,"2022-05-24 11:46:32",xxx,6,self-hosted
216628,92653,"2022-05-24 12:31:21",xxx,6,self-hosted
217192,209834,"2022-06-01 14:30:09",xxx,6,self-hosted
217200,137032,"2022-06-01 15:03:34",xxx,6,self-hosted
217207,209797,"2022-06-01 15:24:44",xxx,6,self-hosted
217303,172059,"2022-06-02 17:29:25",xxx,6,self-hosted
217550,64664,"2022-06-07 13:49:48",xxx,6,self-hosted
217664,2357,"2022-06-08 11:44:02",xxx,6,self-hosted
217750,138837,"2022-06-09 09:36:26",xxx,6,self-hosted
218047,21070,"2022-06-13 16:54:33",xxx,6,self-hosted
218059,32008,"2022-06-13 20:14:08",xxx,6,self-hosted
218212,210159,"2022-06-15 12:00:39",xxx,6,self-hosted
218692,37789,"2022-06-22 15:47:15",xxx,6,self-hosted
218713,97307,"2022-06-22 21:42:28",xxx,6,self-hosted
218953,210564,"2022-06-27 08:13:01",xxx,6,self-hosted
219070,209573,"2022-06-28 10:15:13",xxx,6,self-hosted
219224,194317,"2022-06-30 10:36:54",xxx,6,self-hosted
219561,210940,"2022-07-05 14:27:17",xxx,6,self-hosted
219679,210992,"2022-07-06 14:51:25",xxx,6,self-hosted
219729,210986,"2022-07-07 07:48:11",xxx,6,self-hosted
219822,208673,"2022-07-07 23:14:25",xxx,6,self-hosted
219914,211073,"2022-07-09 11:57:09",xxx,6,self-hosted
219966,211123,"2022-07-10 20:08:08",xxx,6,self-hosted
220209,55077,"2022-07-13 14:54:09",xxx,6,self-hosted
220297,211266,"2022-07-14 10:06:51",xxx,NULL,saas
220791,153655,"2022-07-21 14:42:53",xxx,6,self-hosted
220821,211507,"2022-07-21 19:27:14",xxx,6,self-hosted
221042,170496,"2022-07-25 14:33:48",xxx,6,self-hosted
221052,37855,"2022-07-25 15:47:42",xxx,6,self-hosted
221133,155460,"2022-07-26 15:25:40",xxx,6,self-hosted
221214,32072,"2022-07-27 14:10:07",xxx,6,self-hosted
221756,27581,"2022-08-03 16:16:22",xxx,6,self-hosted
222004,212069,"2022-08-07 23:15:53",xxx,6,self-hosted
222096,19083,"2022-08-09 09:24:02",xxx,6,self-hosted
222620,188128,"2022-08-17 08:38:41",xxx,6,self-hosted
222934,198739,"2022-08-23 12:58:26",xxx,6,self-hosted
223212,130471,"2022-08-29 14:39:58",xxx,6,self-hosted
223213,99012,"2022-08-29 14:41:18",xxx,6,self-hosted
223315,117215,"2022-08-31 08:07:57",xxx,6,self-hosted
223381,197969,"2022-08-31 17:29:09",xxx,6,self-hosted
223382,197969,"2022-08-31 17:29:34",xxx,6,self-hosted
223549,77233,"2022-09-05 12:53:36",xxx,6,self-hosted
223635,61496,"2022-09-06 13:53:49",xxx,6,self-hosted
223685,212992,"2022-09-06 22:05:48",xxx,6,self-hosted
223729,21123,"2022-09-07 12:08:38",xxx,6,self-hosted
223763,62702,"2022-09-07 14:17:49",xxx,6,self-hosted
223885,26390,"2022-09-08 09:52:45",xxx,6,self-hosted
223895,119176,"2022-09-08 10:05:02",xxx,6,self-hosted
223930,150376,"2022-09-08 11:10:39",xxx,6,self-hosted
223963,212546,"2022-09-08 14:54:56",xxx,6,self-hosted
224012,50216,"2022-09-09 09:34:25",xxx,6,self-hosted
224048,199318,"2022-09-09 11:51:09",xxx,6,self-hosted
224054,118352,"2022-09-09 12:39:06",xxx,6,self-hosted
224109,142680,"2022-09-09 22:45:12",xxx,6,self-hosted
224152,120858,"2022-09-11 17:52:08",xxx,6,self-hosted
224205,37740,"2022-09-12 14:20:37",xxx,6,self-hosted
224206,66035,"2022-09-12 14:22:18",xxx,6,self-hosted
224234,35338,"2022-09-12 15:54:02",xxx,6,self-hosted
224295,45684,"2022-09-13 09:25:03",xxx,6,self-hosted
224304,113138,"2022-09-13 09:47:40",xxx,6,self-hosted
224341,212651,"2022-09-13 11:01:46",xxx,6,self-hosted
224345,74333,"2022-09-13 11:09:05",xxx,6,self-hosted
224347,212656,"2022-09-13 11:11:55",xxx,6,self-hosted
224352,96872,"2022-09-13 11:19:31",xxx,6,self-hosted
224414,16160,"2022-09-13 14:08:25",xxx,6,self-hosted
224427,45769,"2022-09-13 14:53:29",xxx,6,self-hosted
224433,212980,"2022-09-13 15:11:10",xxx,6,self-hosted
224460,78801,"2022-09-13 17:01:07",xxx,6,self-hosted
224486,62919,"2022-09-14 08:49:07",xxx,6,self-hosted
224529,76159,"2022-09-14 10:02:09",xxx,6,self-hosted
224554,114106,"2022-09-14 10:19:36",xxx,6,self-hosted
224599,62189,"2022-09-14 12:25:09",xxx,6,self-hosted
224638,128708,"2022-09-14 14:44:16",xxx,6,self-hosted
224688,75015,"2022-09-14 16:06:19",xxx,6,self-hosted
224690,74153,"2022-09-14 16:06:42",xxx,6,self-hosted
224705,213039,"2022-09-14 16:26:12",xxx,6,self-hosted
224877,22926,"2022-09-15 14:16:35",xxx,6,self-hosted
224919,80236,"2022-09-16 11:53:21",xxx,6,self-hosted
225044,213440,"2022-09-19 13:10:30",xxx,6,self-hosted
225109,199801,"2022-09-20 11:22:59",xxx,6,self-hosted
225426,201943,"2022-09-26 13:49:23",xxx,6,self-hosted
225481,10169,"2022-09-27 12:02:31",xxx,6,self-hosted
225749,213968,"2022-10-03 10:54:20",xxx,6,self-hosted
225805,111273,"2022-10-04 16:57:41",xxx,6,self-hosted
225837,107179,"2022-10-05 11:00:20",xxx,6,self-hosted
225869,3888,"2022-10-05 19:33:14",xxx,6,self-hosted
226045,214235,"2022-10-10 14:42:43",xxx,6,self-hosted
226047,17664,"2022-10-10 15:20:04",xxx,6,self-hosted
226121,98605,"2022-10-11 18:48:11",xxx,6,self-hosted
226146,50634,"2022-10-12 11:38:21",xxx,6,self-hosted
226207,214383,"2022-10-13 14:49:44",xxx,6,self-hosted
226266,211152,"2022-10-14 12:32:17",xxx,6,self-hosted
226446,202132,"2022-10-19 10:07:21",xxx,6,self-hosted
226550,211235,"2022-10-20 14:55:37",xxx,6,self-hosted
226574,211756,"2022-10-21 08:44:52",xxx,6,self-hosted
226645,76957,"2022-10-24 09:49:35",xxx,6,self-hosted
227135,10231,"2022-11-03 11:33:37",xxx,6,self-hosted
227218,196151,"2022-11-04 13:53:56",xxx,6,self-hosted
227254,215066,"2022-11-05 14:29:15",xxx,6,self-hosted
227353,120167,"2022-11-07 18:28:20",xxx,6,self-hosted
227354,22754,"2022-11-07 20:33:57",xxx,6,self-hosted
227461,195844,"2022-11-09 10:09:16",xxx,6,self-hosted
227521,123143,"2022-11-10 08:18:19",xxx,6,self-hosted
227597,123259,"2022-11-10 22:22:41",xxx,6,self-hosted
227626,214752,"2022-11-11 12:58:07",xxx,6,self-hosted
227748,148774,"2022-11-14 15:48:36",xxx,6,self-hosted
227760,215363,"2022-11-14 17:05:50",xxx,6,self-hosted
227828,215463,"2022-11-15 16:08:02",xxx,6,self-hosted
227832,215494,"2022-11-15 16:26:43",xxx,6,self-hosted
227840,115279,"2022-11-15 17:36:43",xxx,6,self-hosted
227842,215500,"2022-11-15 18:22:34",xxx,6,self-hosted
227861,215049,"2022-11-16 08:57:52",xxx,6,self-hosted
227916,214081,"2022-11-16 14:47:43",xxx,6,self-hosted
227982,24543,"2022-11-17 14:44:43",xxx,6,self-hosted
228053,215621,"2022-11-18 16:21:31",xxx,6,self-hosted
228111,213709,"2022-11-21 08:54:59",xxx,6,self-hosted
228134,215678,"2022-11-21 14:17:18",xxx,6,self-hosted
228356,187087,"2022-11-25 11:16:20",xxx,6,self-hosted
228359,23432,"2022-11-25 11:29:17",xxx,6,self-hosted
228393,172082,"2022-11-25 18:50:32",xxx,6,self-hosted
228437,215726,"2022-11-28 10:17:41",xxx,6,self-hosted
228492,10302,"2022-11-29 08:45:47",xxx,6,self-hosted
228533,215327,"2022-11-29 16:23:47",xxx,6,self-hosted
228563,216028,"2022-11-30 09:59:01",xxx,6,self-hosted
228601,182645,"2022-11-30 15:59:49",xxx,NULL,saas
228632,193743,"2022-12-01 11:51:49",xxx,6,self-hosted
228638,215342,"2022-12-01 13:01:11",xxx,6,self-hosted
228674,175839,"2022-12-02 09:12:53",xxx,6,self-hosted
228974,207151,"2022-12-08 15:23:11",xxx,6,self-hosted
229103,158574,"2022-12-12 16:36:35",xxx,6,self-hosted
229134,35447,"2022-12-13 12:10:07",xxx,6,self-hosted
229157,156777,"2022-12-13 15:32:58",xxx,6,self-hosted
229541,56515,"2022-12-21 16:23:32",xxx,6,self-hosted
229601,65842,"2022-12-23 18:36:01",xxx,6,self-hosted
229659,44476,"2022-12-27 17:38:17",xxx,6,self-hosted
229670,177834,"2022-12-28 10:33:04",xxx,6,self-hosted
229694,140932,"2022-12-29 11:35:00",xxx,6,self-hosted
229708,87056,"2022-12-29 15:46:44",xxx,6,self-hosted
229767,75211,"2023-01-02 07:47:20",xxx,6,self-hosted
229776,94282,"2023-01-02 13:45:20",xxx,6,self-hosted
230023,83015,"2023-01-07 08:49:25",xxx,6,self-hosted
230147,50153,"2023-01-10 11:29:55",xxx,6,self-hosted
230202,110524,"2023-01-11 11:00:25",xxx,6,self-hosted
230206,216931,"2023-01-11 11:55:27",xxx,6,self-hosted
230306,169191,"2023-01-13 09:00:40",xxx,6,self-hosted
230404,198961,"2023-01-16 08:27:28",xxx,6,self-hosted
230490,128007,"2023-01-17 11:42:21",xxx,6,self-hosted
230509,120285,"2023-01-17 14:48:34",xxx,6,self-hosted
230787,91150,"2023-01-23 09:54:14",xxx,6,self-hosted
230790,209495,"2023-01-23 10:19:37",xxx,6,self-hosted
230829,209104,"2023-01-23 16:34:45",xxx,6,self-hosted
230867,53632,"2023-01-24 12:03:41",xxx,6,self-hosted
230877,12051,"2023-01-24 14:00:54",xxx,6,self-hosted
230948,59827,"2023-01-25 16:03:03",xxx,6,self-hosted
230996,103862,"2023-01-26 10:27:36",xxx,6,self-hosted
231289,91152,"2023-02-01 14:43:08",xxx,6,self-hosted
231299,184952,"2023-02-01 15:37:47",xxx,6,self-hosted
231387,4281,"2023-02-02 16:36:21",xxx,6,self-hosted
231442,217312,"2023-02-03 15:43:36",xxx,6,self-hosted
231510,19377,"2023-02-06 08:40:21",xxx,6,self-hosted
231518,217328,"2023-02-06 09:55:28",xxx,6,self-hosted
231808,215216,"2023-02-10 13:43:47",xxx,6,self-hosted
231824,94916,"2023-02-10 16:12:04",xxx,6,self-hosted
231910,89519,"2023-02-13 13:03:11",xxx,6,self-hosted
231951,18165,"2023-02-14 09:31:00",xxx,6,self-hosted
231955,209931,"2023-02-14 09:38:02",xxx,6,self-hosted
231982,179041,"2023-02-14 14:37:35",xxx,6,self-hosted
232025,62654,"2023-02-15 09:40:44",xxx,6,self-hosted
232136,197467,"2023-02-16 14:58:10",xxx,6,self-hosted
232167,218484,"2023-02-17 08:22:39",xxx,6,self-hosted
232537,143512,"2023-02-23 16:12:41",xxx,6,self-hosted
232785,125881,"2023-03-01 07:35:21",xxx,6,self-hosted
233006,218979,"2023-03-04 10:49:21",xxx,6,self-hosted
233249,219027,"2023-03-09 10:14:10",xxx,6,self-hosted
233313,123237,"2023-03-10 09:51:42",xxx,6,self-hosted
233328,214699,"2023-03-10 14:34:18",xxx,6,self-hosted
233347,141695,"2023-03-10 20:47:35",xxx,6,self-hosted
233395,84383,"2023-03-13 09:26:07",xxx,6,self-hosted
233528,47744,"2023-03-15 10:07:01",xxx,6,self-hosted
233549,139171,"2023-03-15 13:13:24",xxx,6,self-hosted
233551,219321,"2023-03-15 13:43:05",xxx,6,self-hosted
233733,59946,"2023-03-20 13:37:31",xxx,6,self-hosted
233781,119912,"2023-03-21 09:14:57",xxx,6,self-hosted
233795,47196,"2023-03-21 11:54:49",xxx,6,self-hosted
233829,219508,"2023-03-22 07:59:54",xxx,6,self-hosted
233843,22952,"2023-03-22 10:57:25",xxx,6,self-hosted
233859,125201,"2023-03-22 13:30:44",xxx,6,self-hosted
233917,119812,"2023-03-23 16:51:22",xxx,6,self-hosted
234008,25927,"2023-03-27 10:18:19",xxx,6,self-hosted
234067,60001,"2023-03-28 11:36:36",xxx,6,self-hosted
234140,8431,"2023-03-29 15:23:19",xxx,6,self-hosted
234167,219757,"2023-03-30 09:38:05",xxx,6,self-hosted
234226,64277,"2023-03-31 11:57:14",xxx,6,self-hosted
234237,65403,"2023-03-31 15:30:18",xxx,6,self-hosted
234330,219900,"2023-04-04 08:31:12",xxx,6,self-hosted
234346,121157,"2023-04-04 11:48:09",xxx,6,self-hosted
234369,219927,"2023-04-04 22:57:55",xxx,6,self-hosted
234450,63090,"2023-04-06 12:47:19",xxx,6,self-hosted
234530,147873,"2023-04-10 21:31:10",xxx,6,self-hosted
234590,120531,"2023-04-11 22:43:11",xxx,6,self-hosted
234599,220075,"2023-04-12 08:48:26",xxx,6,self-hosted
234633,49443,"2023-04-12 14:14:03",xxx,6,self-hosted
234650,171982,"2023-04-12 17:31:07",xxx,6,self-hosted
234737,220181,"2023-04-14 10:13:49",xxx,6,self-hosted
234760,132385,"2023-04-14 15:15:38",xxx,6,self-hosted
234839,213849,"2023-04-17 15:05:38",xxx,6,self-hosted
234848,220250,"2023-04-17 16:34:04",xxx,6,self-hosted
235003,176505,"2023-04-20 13:33:24",xxx,6,self-hosted
235071,12038,"2023-04-21 14:41:25",xxx,6,self-hosted
235077,3156,"2023-04-21 15:36:57",xxx,6,self-hosted
235181,157984,"2023-04-25 12:47:32",xxx,6,self-hosted
235250,220522,"2023-04-26 14:19:50",xxx,6,self-hosted
235322,175362,"2023-04-27 19:03:13",xxx,5,self-hosted
235369,130120,"2023-04-28 15:10:14",xxx,6,self-hosted
235500,143184,"2023-05-03 08:14:03",xxx,6,self-hosted
235528,106914,"2023-05-03 12:52:45",xxx,6,self-hosted
235638,58159,"2023-05-05 14:54:29",xxx,6,self-hosted
235697,219771,"2023-05-08 08:53:21",xxx,6,self-hosted
235706,75760,"2023-05-08 10:26:08",xxx,6,self-hosted
235734,111273,"2023-05-08 15:37:34",xxx,6,self-hosted
235790,63041,"2023-05-09 13:24:49",xxx,6,self-hosted
235902,71785,"2023-05-11 09:47:23",xxx,6,self-hosted
235919,172095,"2023-05-11 11:58:16",xxx,6,self-hosted
235938,144428,"2023-05-11 14:39:35",xxx,6,self-hosted
235977,221230,"2023-05-12 10:07:47",xxx,6,self-hosted
236112,76162,"2023-05-16 07:34:58",xxx,6,self-hosted
236158,220495,"2023-05-16 17:05:34",xxx,6,self-hosted
236191,211518,"2023-05-17 11:05:11",xxx,6,self-hosted
236234,142584,"2023-05-17 17:11:54",xxx,6,self-hosted
236428,220828,"2023-05-23 16:33:25",xxx,6,self-hosted
236498,221482,"2023-05-24 14:44:02",xxx,6,self-hosted
236507,221558,"2023-05-24 15:32:08",xxx,6,self-hosted
236597,221497,"2023-05-26 10:39:34",xxx,6,self-hosted
236604,131457,"2023-05-26 12:04:26",xxx,6,self-hosted
236682,144383,"2023-05-30 12:32:12",xxx,6,self-hosted
236726,171629,"2023-05-31 10:33:39",xxx,6,self-hosted
236965,45810,"2023-06-06 10:18:52",xxx,6,self-hosted
236977,124043,"2023-06-06 12:45:01",xxx,6,self-hosted
237013,23131,"2023-06-07 11:37:22",xxx,6,self-hosted
237056,134993,"2023-06-07 18:20:13",xxx,6,self-hosted
237281,69716,"2023-06-14 13:18:38",xxx,6,self-hosted
237379,77824,"2023-06-16 10:33:02",xxx,6,self-hosted
237402,91790,"2023-06-16 14:19:13",xxx,6,self-hosted
237493,211271,"2023-06-19 13:38:00",xxx,6,self-hosted
237560,65373,"2023-06-20 13:14:04",xxx,6,self-hosted
237566,160021,"2023-06-20 14:11:37",xxx,6,self-hosted
237634,220279,"2023-06-21 11:22:00",xxx,6,self-hosted
237647,149511,"2023-06-21 14:01:46",xxx,6,self-hosted
237678,11986,"2023-06-21 19:59:04",xxx,6,self-hosted
237691,83583,"2023-06-22 09:44:28",xxx,6,self-hosted
237758,117373,"2023-06-23 11:29:33",xxx,6,self-hosted
237767,30204,"2023-06-23 14:14:31",xxx,6,self-hosted
237780,216162,"2023-06-24 11:01:49",xxx,6,self-hosted
237853,71672,"2023-06-26 15:04:45",xxx,6,self-hosted
237873,59846,"2023-06-26 22:22:22",xxx,6,self-hosted
237882,199882,"2023-06-27 07:58:29",xxx,6,self-hosted
237887,62849,"2023-06-27 08:29:43",xxx,6,self-hosted
237938,138868,"2023-06-27 16:27:45",xxx,6,self-hosted
237963,72663,"2023-06-28 09:07:52",xxx,6,self-hosted
237970,171863,"2023-06-28 09:40:15",xxx,6,self-hosted
237981,102942,"2023-06-28 10:33:28",xxx,6,self-hosted
238024,93207,"2023-06-28 16:25:29",xxx,6,self-hosted
238026,117160,"2023-06-28 16:33:11",xxx,6,self-hosted
238072,13448,"2023-06-29 09:56:39",xxx,6,self-hosted
238077,78764,"2023-06-29 10:43:29",xxx,6,self-hosted
238118,28650,"2023-06-29 13:39:46",xxx,6,self-hosted
238136,70779,"2023-06-29 15:31:36",xxx,6,self-hosted
238147,77791,"2023-06-29 16:33:54",xxx,6,self-hosted
238166,220596,"2023-06-29 18:44:30",xxx,6,self-hosted
238186,62029,"2023-06-30 07:49:55",xxx,6,self-hosted
238193,86395,"2023-06-30 08:49:09",xxx,NULL,saas
238197,189585,"2023-06-30 08:54:26",xxx,6,self-hosted
238214,71639,"2023-06-30 10:17:40",xxx,6,self-hosted
238216,1737,"2023-06-30 10:33:45",xxx,6,self-hosted
238230,109948,"2023-06-30 13:27:12",xxx,6,self-hosted
238233,56474,"2023-06-30 13:37:30",xxx,6,self-hosted
238234,97794,"2023-06-30 13:52:32",xxx,6,self-hosted
238249,74264,"2023-06-30 16:18:05",xxx,6,self-hosted
238314,58245,"2023-07-03 08:43:49",xxx,6,self-hosted
238320,57280,"2023-07-03 10:00:56",xxx,6,self-hosted
238322,51701,"2023-07-03 10:13:51",xxx,6,self-hosted
238324,81256,"2023-07-03 10:27:05",xxx,6,self-hosted
238325,110198,"2023-07-03 10:29:29",xxx,6,self-hosted
238330,30790,"2023-07-03 10:57:02",xxx,6,self-hosted
238343,40073,"2023-07-03 12:44:54",xxx,6,self-hosted
238358,216484,"2023-07-03 15:12:01",xxx,6,self-hosted
238402,51998,"2023-07-04 11:26:48",xxx,6,self-hosted
238429,95629,"2023-07-04 13:36:33",xxx,6,self-hosted
238439,110455,"2023-07-04 14:50:41",xxx,6,self-hosted
238440,53710,"2023-07-04 14:53:57",xxx,6,self-hosted
238453,143891,"2023-07-04 16:43:54",xxx,6,self-hosted
238459,8071,"2023-07-04 17:13:45",xxx,6,self-hosted
238460,60897,"2023-07-04 17:26:17",xxx,6,self-hosted
238481,39580,"2023-07-05 08:29:03",xxx,6,self-hosted
238494,36795,"2023-07-05 10:11:37",xxx,6,self-hosted
238503,222615,"2023-07-05 11:47:04",xxx,6,self-hosted
238617,96351,"2023-07-07 13:36:29",xxx,6,self-hosted
239066,174155,"2023-07-18 16:17:01",xxx,6,self-hosted
239069,192841,"2023-07-18 16:57:26",xxx,6,self-hosted
239082,192841,"2023-07-19 09:02:23",xxx,6,self-hosted
239094,102778,"2023-07-19 12:02:45",xxx,6,self-hosted
239100,218117,"2023-07-19 13:32:57",xxx,6,self-hosted
239245,122927,"2023-07-24 12:02:52",xxx,6,self-hosted
239254,101795,"2023-07-24 14:46:52",xxx,6,self-hosted
239281,168982,"2023-07-25 10:06:48",xxx,6,self-hosted
239284,112738,"2023-07-25 10:54:00",xxx,6,self-hosted
239356,202754,"2023-07-26 11:59:23",xxx,6,self-hosted
239365,223093,"2023-07-26 13:34:55",xxx,5,self-hosted
239402,30345,"2023-07-27 08:23:48",xxx,6,self-hosted
239485,42644,"2023-07-28 21:38:31",xxx,6,self-hosted
239610,58471,"2023-08-01 21:23:19",xxx,6,self-hosted
239635,4864,"2023-08-02 11:22:07",xxx,6,self-hosted
239691,85528,"2023-08-03 14:19:40",xxx,6,self-hosted
239697,127987,"2023-08-03 15:41:58",xxx,6,self-hosted
239718,223205,"2023-08-03 21:26:02",xxx,6,self-hosted
239830,137871,"2023-08-07 11:34:43",xxx,NULL,saas
239914,49403,"2023-08-08 14:43:39",xxx,6,self-hosted
239939,223489,"2023-08-09 09:00:51",xxx,6,self-hosted
240401,51658,"2023-08-21 14:55:40",xxx,6,self-hosted
240716,222584,"2023-08-29 10:51:47",xxx,6,self-hosted
240758,222962,"2023-08-30 07:42:09",xxx,6,self-hosted
240866,16680,"2023-08-31 10:31:44",xxx,6,self-hosted
240912,161950,"2023-08-31 16:49:16",xxx,6,self-hosted
240973,197604,"2023-09-03 09:57:21",xxx,6,self-hosted
240998,201309,"2023-09-04 09:29:58",xxx,6,self-hosted
241000,208745,"2023-09-04 09:35:14",xxx,6,self-hosted
241071,110986,"2023-09-05 13:06:21",xxx,6,self-hosted
241109,173423,"2023-09-06 09:59:36",xxx,6,self-hosted
241232,39652,"2023-09-08 14:16:15",xxx,6,self-hosted
241233,172520,"2023-09-08 14:16:30",xxx,6,self-hosted
241249,218908,"2023-09-08 15:54:01",xxx,6,self-hosted
241320,220181,"2023-09-11 15:52:53",xxx,6,self-hosted
241331,74993,"2023-09-11 16:46:29",xxx,6,self-hosted
241386,191330,"2023-09-12 16:11:44",xxx,6,self-hosted
241731,65224,"2023-09-20 16:05:36",xxx,6,self-hosted
241752,98355,"2023-09-21 09:44:10",xxx,6,self-hosted
241760,132266,"2023-09-21 10:44:29",xxx,6,self-hosted
241880,133486,"2023-09-24 22:11:21",xxx,6,self-hosted
241967,59799,"2023-09-26 11:28:43",xxx,6,self-hosted
242058,72582,"2023-09-27 16:47:07",xxx,6,self-hosted
242145,89193,"2023-09-29 11:22:41",xxx,6,self-hosted
242215,224802,"2023-10-02 12:34:25",xxx,6,self-hosted
242221,224670,"2023-10-02 15:35:50",xxx,6,self-hosted
242385,176704,"2023-10-06 11:20:37",xxx,6,self-hosted
242455,59612,"2023-10-09 10:43:04",xxx,6,self-hosted
242588,225035,"2023-10-11 17:08:02",xxx,6,self-hosted
242809,171128,"2023-10-17 11:39:26",xxx,6,self-hosted
242935,224928,"2023-10-19 13:24:13",xxx,6,self-hosted
242979,45057,"2023-10-20 10:41:28",xxx,6,self-hosted
242985,116716,"2023-10-20 11:31:44",xxx,6,self-hosted
242990,222551,"2023-10-20 13:20:40",xxx,6,self-hosted
243052,130692,"2023-10-23 11:47:10",xxx,6,self-hosted
243110,106085,"2023-10-24 10:46:00",xxx,6,self-hosted
243166,45004,"2023-10-25 08:18:29",xxx,6,self-hosted
243240,32346,"2023-10-26 13:28:06",xxx,6,self-hosted
243451,43158,"2023-11-02 08:57:09",xxx,6,self-hosted
243468,225554,"2023-11-02 12:32:15",xxx,6,self-hosted
243886,53086,"2023-11-13 12:44:58",xxx,6,self-hosted
243906,71304,"2023-11-13 15:49:48",xxx,6,self-hosted
243951,10203,"2023-11-14 12:13:34",xxx,6,self-hosted
243991,106793,"2023-11-15 06:59:10",xxx,6,self-hosted
244034,65403,"2023-11-15 15:02:05",xxx,6,self-hosted
244040,134840,"2023-11-15 15:19:58",xxx,6,self-hosted
244086,157287,"2023-11-16 13:13:43",xxx,6,self-hosted
244222,224289,"2023-11-20 15:33:15",xxx,6,self-hosted
244231,207112,"2023-11-20 18:20:29",xxx,6,self-hosted
244287,130233,"2023-11-21 14:40:23",xxx,6,self-hosted
244291,126690,"2023-11-21 15:02:44",xxx,6,self-hosted
244306,131511,"2023-11-21 17:30:24",xxx,6,self-hosted
244325,134122,"2023-11-22 10:25:24",xxx,6,self-hosted
244331,37933,"2023-11-22 11:17:53",xxx,NULL,saas
244408,134574,"2023-11-23 14:22:22",xxx,6,self-hosted
244419,225839,"2023-11-23 16:29:55",xxx,6,self-hosted
244443,223758,"2023-11-24 10:28:35",xxx,6,self-hosted
244549,95628,"2023-11-27 16:26:38",xxx,6,self-hosted
244572,88130,"2023-11-28 11:38:12",xxx,6,self-hosted
244682,152194,"2023-11-30 08:40:53",xxx,6,self-hosted
244691,222069,"2023-11-30 10:48:22",xxx,6,self-hosted
244717,226319,"2023-11-30 15:53:28",xxx,6,self-hosted
244743,226330,"2023-12-01 08:07:53",xxx,6,self-hosted
244745,96719,"2023-12-01 08:27:12",xxx,6,self-hosted
244764,48747,"2023-12-01 11:41:17",xxx,6,self-hosted
244848,59374,"2023-12-04 16:20:37",xxx,6,self-hosted
244854,225744,"2023-12-04 17:18:43",xxx,6,self-hosted
244938,72001,"2023-12-06 12:44:44",xxx,6,self-hosted
244967,173608,"2023-12-07 08:58:12",xxx,6,self-hosted
244972,133919,"2023-12-07 09:13:20",xxx,6,self-hosted
245046,52583,"2023-12-08 12:11:32",xxx,6,self-hosted
245149,135060,"2023-12-11 15:47:43",xxx,6,self-hosted
245155,55190,"2023-12-11 16:55:37",xxx,6,self-hosted
245194,211208,"2023-12-12 11:27:57",xxx,6,self-hosted
245209,34982,"2023-12-12 15:28:11",xxx,6,self-hosted
245211,21123,"2023-12-12 15:39:24",xxx,6,self-hosted
245254,106517,"2023-12-13 11:15:27",xxx,6,self-hosted
245277,223276,"2023-12-13 14:40:07",xxx,NULL,saas
245288,200022,"2023-12-13 17:12:00",xxx,6,self-hosted
245303,71981,"2023-12-13 20:51:33",xxx,6,self-hosted
245316,132037,"2023-12-14 09:55:15",xxx,6,self-hosted
245344,93715,"2023-12-14 14:18:25",xxx,6,self-hosted
245349,215527,"2023-12-14 15:37:36",xxx,6,self-hosted
245376,43074,"2023-12-15 09:58:50",xxx,6,self-hosted
245439,55379,"2023-12-18 08:02:40",xxx,6,self-hosted
245512,226687,"2023-12-19 12:52:23",xxx,6,self-hosted
245519,85303,"2023-12-19 13:53:47",xxx,6,self-hosted
245608,226813,"2023-12-21 13:23:03",xxx,6,self-hosted
245656,226837,"2023-12-22 12:18:19",xxx,6,self-hosted
245810,105206,"2023-12-30 13:09:10",xxx,6,self-hosted
245873,226988,"2024-01-03 11:04:23",xxx,6,self-hosted
245927,80124,"2024-01-04 12:23:46",xxx,6,self-hosted
245943,227035,"2024-01-04 15:18:25",xxx,6,self-hosted
245962,226504,"2024-01-05 09:47:44",xxx,6,self-hosted
246038,140607,"2024-01-08 12:03:04",xxx,6,self-hosted
246235,71898,"2024-01-12 09:13:28",xxx,6,self-hosted
246277,227221,"2024-01-12 18:13:01",xxx,6,self-hosted
246394,108282,"2024-01-16 13:38:22",xxx,6,self-hosted
246447,153926,"2024-01-17 11:47:10",xxx,6,self-hosted
246448,46828,"2024-01-17 11:52:32",xxx,6,self-hosted
246465,113350,"2024-01-17 14:19:41",xxx,6,self-hosted
246560,16433,"2024-01-19 10:37:36",xxx,6,self-hosted
246669,45974,"2024-01-22 11:31:15",xxx,6,self-hosted
246688,125314,"2024-01-22 14:46:51",xxx,6,self-hosted
246743,175839,"2024-01-23 11:42:40",xxx,6,self-hosted
246831,226723,"2024-01-24 15:38:57",xxx,6,self-hosted
246847,56126,"2024-01-25 09:44:00",xxx,6,self-hosted
246848,100402,"2024-01-25 09:49:49",xxx,6,self-hosted
246863,53573,"2024-01-25 11:56:04",xxx,6,self-hosted
246911,227555,"2024-01-26 13:11:28",xxx,6,self-hosted
246966,121758,"2024-01-29 10:01:51",xxx,6,self-hosted
246977,15803,"2024-01-29 11:30:45",xxx,6,self-hosted
247084,217284,"2024-01-30 17:06:13",xxx,6,self-hosted
247104,104570,"2024-01-31 09:05:54",xxx,6,self-hosted
247194,122193,"2024-02-01 14:26:14",xxx,6,self-hosted
247301,193790,"2024-02-05 10:02:18",xxx,6,self-hosted
247350,227798,"2024-02-06 09:17:12",xxx,6,self-hosted
247364,42752,"2024-02-06 11:46:32",xxx,6,self-hosted
247420,176869,"2024-02-07 10:29:43",xxx,6,self-hosted
247657,217053,"2024-02-13 09:24:45",xxx,6,self-hosted
247669,222906,"2024-02-13 11:45:23",xxx,5,self-hosted
247679,228005,"2024-02-13 14:19:52",xxx,6,self-hosted
247724,226646,"2024-02-14 08:16:04",xxx,6,self-hosted
247763,51054,"2024-02-14 15:04:53",xxx,6,self-hosted
247958,42489,"2024-02-19 16:57:44",xxx,6,self-hosted
248016,137075,"2024-02-20 13:59:38",xxx,NULL,saas
248053,228195,"2024-02-21 09:39:13",xxx,6,self-hosted
248055,228197,"2024-02-21 09:42:37",xxx,6,self-hosted
248056,678,"2024-02-21 09:44:57",xxx,6,self-hosted
248122,45794,"2024-02-22 13:44:41",xxx,6,self-hosted
248162,110920,"2024-02-23 09:41:45",xxx,6,self-hosted
248165,2327,"2024-02-23 10:17:56",xxx,6,self-hosted
248177,228201,"2024-02-23 13:05:17",xxx,NULL,saas
248226,171744,"2024-02-25 17:12:47",xxx,6,self-hosted
248245,73178,"2024-02-26 10:54:53",xxx,6,self-hosted
248265,56179,"2024-02-26 13:51:26",xxx,6,self-hosted
248303,12549,"2024-02-27 11:04:19",xxx,6,self-hosted
248328,228344,"2024-02-27 14:19:30",xxx,6,self-hosted
248357,114133,"2024-02-28 09:24:15",xxx,6,self-hosted
248409,228347,"2024-02-28 16:19:13",xxx,6,self-hosted
248414,228383,"2024-02-28 17:38:48",xxx,6,self-hosted
248448,12577,"2024-02-29 11:44:56",xxx,6,self-hosted
248479,228419,"2024-02-29 19:30:06",xxx,6,self-hosted
248539,62866,"2024-03-02 12:49:43",xxx,6,self-hosted
248560,228167,"2024-03-04 08:54:30",xxx,6,self-hosted
248570,170627,"2024-03-04 11:51:23",xxx,6,self-hosted
248650,97568,"2024-03-05 17:43:41",xxx,6,self-hosted
248743,131036,"2024-03-07 12:00:53",xxx,6,self-hosted
248790,50164,"2024-03-08 09:29:17",xxx,6,self-hosted
248852,143704,"2024-03-10 19:15:34",xxx,6,self-hosted
248866,228575,"2024-03-11 09:05:06",xxx,NULL,saas
248870,69681,"2024-03-11 09:41:08",xxx,6,self-hosted
248920,228682,"2024-03-12 11:08:32",xxx,6,self-hosted
248973,218676,"2024-03-13 11:39:34",xxx,6,self-hosted
248990,228721,"2024-03-13 14:26:59",xxx,6,self-hosted
249092,19764,"2024-03-15 09:52:08",xxx,6,self-hosted
249103,228575,"2024-03-15 13:12:08",xxx,NULL,saas
249167,76456,"2024-03-18 10:31:40",xxx,6,self-hosted
249257,184169,"2024-03-19 16:29:39",xxx,6,self-hosted
249346,62605,"2024-03-21 09:11:40",xxx,NULL,saas
249352,226842,"2024-03-21 10:18:31",xxx,6,self-hosted
249365,228077,"2024-03-21 14:37:36",xxx,6,self-hosted
249429,80050,"2024-03-22 23:41:36",xxx,6,self-hosted
249476,228532,"2024-03-25 13:06:21",xxx,6,self-hosted
249485,228746,"2024-03-25 15:08:41",xxx,6,self-hosted
249487,63074,"2024-03-25 15:10:18",xxx,6,self-hosted
249525,77780,"2024-03-26 12:01:23",xxx,6,self-hosted
249604,20867,"2024-03-27 14:43:12",xxx,6,self-hosted
249609,128966,"2024-03-27 15:11:30",xxx,6,self-hosted
249643,5140,"2024-03-28 08:51:02",xxx,6,self-hosted
249681,133730,"2024-03-28 14:12:24",xxx,6,self-hosted
249700,227901,"2024-03-28 16:34:26",xxx,NULL,saas
249701,227901,"2024-03-28 16:35:58",xxx,NULL,saas
249713,4649,"2024-03-28 17:48:37",xxx,6,self-hosted
249731,229078,"2024-03-29 09:10:53",xxx,6,self-hosted
249755,227973,"2024-03-31 17:44:49",xxx,6,self-hosted
250002,7855,"2024-04-08 09:30:19",xxx,6,self-hosted
250003,57012,"2024-04-08 09:37:49",xxx,6,self-hosted
250005,44827,"2024-04-08 09:52:10",xxx,6,self-hosted
250019,229262,"2024-04-08 13:53:47",xxx,6,self-hosted
250078,229285,"2024-04-09 14:36:28",xxx,6,self-hosted
250116,222412,"2024-04-10 10:56:00",xxx,6,self-hosted
250262,183534,"2024-04-13 13:43:52",xxx,6,self-hosted
250296,91468,"2024-04-15 09:39:48",xxx,6,self-hosted
250307,228769,"2024-04-15 12:24:53",xxx,6,self-hosted
250374,156518,"2024-04-16 14:23:59",xxx,6,self-hosted
250428,40114,"2024-04-17 14:00:33",xxx,6,self-hosted
250493,229514,"2024-04-18 15:24:22",xxx,6,self-hosted
250619,19558,"2024-04-22 10:50:11",xxx,6,self-hosted
250763,87914,"2024-04-24 14:19:15",xxx,6,self-hosted
250779,31976,"2024-04-24 18:25:11",xxx,6,self-hosted
250863,63556,"2024-04-26 12:58:15",xxx,6,self-hosted
250974,229601,"2024-04-30 10:20:28",xxx,6,self-hosted
250979,6440,"2024-04-30 11:42:55",xxx,6,self-hosted
251046,179655,"2024-05-02 13:34:28",xxx,6,self-hosted
251079,229811,"2024-05-03 11:20:23",xxx,6,self-hosted
251128,229887,"2024-05-06 11:51:48",xxx,6,self-hosted
251143,229587,"2024-05-06 14:06:15",xxx,6,self-hosted
251212,229832,"2024-05-07 19:43:22",xxx,6,self-hosted
251273,77947,"2024-05-08 18:35:57",xxx,6,self-hosted
251494,117488,"2024-05-15 10:37:11",xxx,6,self-hosted
251684,230044,"2024-05-21 10:59:32",xxx,6,self-hosted
251689,105564,"2024-05-21 11:55:46",xxx,6,self-hosted
251711,165965,"2024-05-21 21:13:41",xxx,NULL,saas
251804,35676,"2024-05-23 15:23:01",xxx,6,self-hosted
251838,230237,"2024-05-24 15:27:18",xxx,6,self-hosted
251887,124279,"2024-05-27 12:32:12",xxx,6,self-hosted
251894,142982,"2024-05-27 14:03:40",xxx,6,self-hosted
251898,230316,"2024-05-27 14:38:43",xxx,6,self-hosted
251954,22284,"2024-05-28 14:51:59",xxx,6,self-hosted
252059,54262,"2024-05-31 13:02:39",xxx,6,self-hosted
252147,192841,"2024-06-03 18:24:31",xxx,6,self-hosted
252181,143494,"2024-06-04 13:32:02",xxx,6,self-hosted
252188,115234,"2024-06-04 14:21:21",xxx,6,self-hosted
252309,35426,"2024-06-07 10:07:36",xxx,6,self-hosted
252408,105638,"2024-06-11 09:48:17",xxx,6,self-hosted
252413,152423,"2024-06-11 10:29:05",xxx,6,self-hosted
252470,55950,"2024-06-12 11:42:16",xxx,6,self-hosted
252521,75028,"2024-06-13 09:52:55",xxx,6,self-hosted
252584,81733,"2024-06-14 15:28:02",xxx,6,self-hosted
252653,223654,"2024-06-17 13:34:01",xxx,6,self-hosted
252698,10890,"2024-06-18 11:24:41",xxx,6,self-hosted
252767,135943,"2024-06-19 10:58:04",xxx,6,self-hosted
252887,23643,"2024-06-21 15:08:45",xxx,6,self-hosted
252903,230818,"2024-06-22 06:05:16",xxx,6,self-hosted
252944,62378,"2024-06-24 11:37:57",xxx,6,self-hosted
252965,229145,"2024-06-24 19:57:49",xxx,6,self-hosted
252975,76528,"2024-06-25 09:54:25",xxx,NULL,saas
253004,111309,"2024-06-25 15:50:56",xxx,NULL,saas
253028,230816,"2024-06-26 09:57:06",xxx,6,self-hosted
253048,230938,"2024-06-26 14:33:32",xxx,6,self-hosted
253114,230968,"2024-06-28 08:22:40",xxx,NULL,saas
253132,227617,"2024-06-28 13:32:19",xxx,6,self-hosted
253149,230993,"2024-06-28 16:48:21",xxx,6,self-hosted
253198,118071,"2024-07-01 12:05:36",xxx,6,self-hosted
253215,231052,"2024-07-01 15:09:59",xxx,6,self-hosted
253227,230924,"2024-07-01 17:51:39",xxx,6,self-hosted
253230,231023,"2024-07-01 21:00:29",xxx,6,self-hosted
253241,231038,"2024-07-02 09:33:27",xxx,6,self-hosted
253313,105933,"2024-07-03 14:13:36",xxx,6,self-hosted
253436,27757,"2024-07-04 11:03:15",xxx,6,self-hosted
253456,231136,"2024-07-04 16:04:51",xxx,6,self-hosted
253476,113138,"2024-07-05 10:58:20",xxx,6,self-hosted
253530,231198,"2024-07-08 11:35:55",xxx,6,self-hosted
253567,231180,"2024-07-09 08:44:33",xxx,6,self-hosted
253633,230896,"2024-07-10 13:57:51",xxx,6,self-hosted
253798,107101,"2024-07-16 10:07:57",xxx,6,self-hosted
253803,74348,"2024-07-16 10:50:56",xxx,6,self-hosted
253813,176310,"2024-07-16 11:37:55",xxx,6,self-hosted
253859,211265,"2024-07-17 10:54:14",xxx,6,self-hosted
253911,2446,"2024-07-18 11:15:41",xxx,6,self-hosted
253919,170614,"2024-07-18 13:56:02",xxx,6,self-hosted
253958,53415,"2024-07-19 09:27:12",xxx,6,self-hosted
253973,227636,"2024-07-19 15:39:15",xxx,6,self-hosted
253974,206573,"2024-07-19 16:18:28",xxx,6,self-hosted
253999,115181,"2024-07-22 12:12:45",xxx,6,self-hosted
254056,131457,"2024-07-23 14:40:08",xxx,6,self-hosted
254083,231169,"2024-07-24 08:46:54",xxx,6,self-hosted
254166,28204,"2024-07-26 11:28:44",xxx,6,self-hosted
254204,231600,"2024-07-27 19:03:32",xxx,6,self-hosted
254284,173040,"2024-07-30 12:46:20",xxx,6,self-hosted
254347,33927,"2024-07-31 16:14:50",xxx,NULL,saas
254413,93285,"2024-08-02 10:18:19",xxx,6,self-hosted
254471,42928,"2024-08-05 11:48:21",xxx,6,self-hosted
254567,231777,"2024-08-07 14:21:27",xxx,6,self-hosted
254582,231791,"2024-08-08 10:45:03",xxx,6,self-hosted
254623,115057,"2024-08-09 10:04:37",xxx,6,self-hosted
254626,128329,"2024-08-09 10:50:23",xxx,6,self-hosted
254670,99456,"2024-08-12 08:38:49",xxx,6,self-hosted
254705,230756,"2024-08-12 21:01:55",xxx,6,self-hosted
254714,135099,"2024-08-13 08:17:35",xxx,6,self-hosted
254743,64788,"2024-08-13 20:18:14",xxx,6,self-hosted
254774,127237,"2024-08-14 11:27:41",xxx,6,self-hosted
254800,231919,"2024-08-15 09:11:38",xxx,6,self-hosted
254854,91274,"2024-08-16 14:07:45",xxx,6,self-hosted
254947,121025,"2024-08-20 15:28:19",xxx,6,self-hosted
255124,232125,"2024-08-26 12:17:58",xxx,6,self-hosted
255201,56229,"2024-08-28 13:07:50",xxx,6,self-hosted
255233,134248,"2024-08-29 09:49:42",xxx,6,self-hosted
255262,74422,"2024-08-29 16:55:27",xxx,6,self-hosted
255274,129516,"2024-08-30 10:59:03",xxx,6,self-hosted
255313,232246,"2024-08-31 17:59:26",xxx,6,self-hosted
255344,117871,"2024-09-02 13:51:42",xxx,6,self-hosted
255362,227978,"2024-09-03 01:02:50",xxx,6,self-hosted
255379,111358,"2024-09-03 13:10:00",xxx,6,self-hosted
255389,232290,"2024-09-03 15:54:20",xxx,6,self-hosted
255413,183170,"2024-09-04 13:18:03",xxx,6,self-hosted
255428,231902,"2024-09-04 17:27:52",xxx,6,self-hosted
255459,94959,"2024-09-05 12:40:19",xxx,6,self-hosted
255508,103421,"2024-09-06 14:51:27",xxx,6,self-hosted
255532,83291,"2024-09-07 11:42:04",xxx,6,self-hosted
255659,196873,"2024-09-11 13:22:54",xxx,6,self-hosted
255674,228364,"2024-09-11 20:58:54",xxx,NULL,saas
255675,228364,"2024-09-11 21:01:02",xxx,NULL,saas
255756,36961,"2024-09-14 10:56:21",xxx,6,self-hosted
255761,232493,"2024-09-14 16:22:08",xxx,6,self-hosted
255791,126902,"2024-09-16 13:21:25",xxx,6,self-hosted
255798,232540,"2024-09-16 14:59:19",xxx,6,self-hosted
255874,63721,"2024-09-18 13:11:57",xxx,6,self-hosted
256017,106332,"2024-09-23 13:18:09",xxx,6,self-hosted
256064,232637,"2024-09-24 14:08:35",xxx,6,self-hosted
256151,222938,"2024-09-26 13:25:28",xxx,6,self-hosted
256170,139289,"2024-09-27 08:19:56",xxx,6,self-hosted
256181,232707,"2024-09-27 11:18:56",xxx,6,self-hosted
256185,232708,"2024-09-27 12:54:43",xxx,NULL,saas
256238,112340,"2024-09-30 16:17:43",xxx,6,self-hosted
256239,232751,"2024-09-30 16:29:13",xxx,6,self-hosted
256247,232757,"2024-09-30 17:38:21",xxx,NULL,saas
256321,232773,"2024-10-02 13:18:55",xxx,6,self-hosted
256466,5706,"2024-10-08 09:32:46",xxx,6,self-hosted
256594,48156,"2024-10-10 16:24:41",xxx,6,self-hosted
256623,230308,"2024-10-11 16:23:50",xxx,6,self-hosted
256645,91297,"2024-10-14 09:26:19",xxx,6,self-hosted
256657,232966,"2024-10-14 12:28:57",xxx,6,self-hosted
256739,85028,"2024-10-16 14:18:51",xxx,6,self-hosted
256810,219861,"2024-10-18 09:39:57",xxx,6,self-hosted
256895,59374,"2024-10-22 10:44:49",xxx,6,self-hosted
256901,119484,"2024-10-22 11:06:42",xxx,6,self-hosted
256941,65866,"2024-10-23 10:12:52",xxx,6,self-hosted
256973,7615,"2024-10-23 16:58:54",xxx,6,self-hosted
257004,232708,"2024-10-24 15:57:02",xxx,NULL,saas
257062,59794,"2024-10-28 07:03:05",xxx,6,self-hosted
257069,191061,"2024-10-28 10:08:36",xxx,6,self-hosted
257085,117160,"2024-10-28 15:35:43",xxx,6,self-hosted
257107,59721,"2024-10-29 10:53:51",xxx,6,self-hosted
257108,233167,"2024-10-29 11:29:44",xxx,6,self-hosted
257134,18423,"2024-10-30 07:28:26",xxx,6,self-hosted
257386,233337,"2024-11-07 16:05:12",xxx,NULL,saas
257405,106585,"2024-11-08 09:14:14",xxx,6,self-hosted
257417,233349,"2024-11-08 13:39:21",xxx,6,self-hosted
257422,233353,"2024-11-08 14:17:07",xxx,6,self-hosted
257523,95629,"2024-11-12 16:33:37",xxx,6,self-hosted
257575,111625,"2024-11-14 08:36:54",xxx,6,self-hosted
257614,233422,"2024-11-14 15:52:27",xxx,6,self-hosted
257649,13418,"2024-11-15 14:52:05",xxx,6,self-hosted
257684,224289,"2024-11-18 10:22:59",xxx,6,self-hosted
257703,33873,"2024-11-18 15:14:31",xxx,6,self-hosted
257748,126708,"2024-11-19 14:44:29",xxx,6,self-hosted
257777,139506,"2024-11-20 11:51:05",xxx,6,self-hosted
257781,157582,"2024-11-20 12:18:25",xxx,6,self-hosted
257803,5158,"2024-11-21 08:14:26",xxx,6,self-hosted
257808,232403,"2024-11-21 08:57:16",xxx,6,self-hosted
257843,233532,"2024-11-22 08:51:55",xxx,6,self-hosted
257905,42193,"2024-11-25 13:00:39",xxx,NULL,saas
257913,213039,"2024-11-25 15:21:48",xxx,6,self-hosted
257995,135057,"2024-11-27 12:37:08",xxx,6,self-hosted
258000,233652,"2024-11-27 13:41:45",xxx,6,self-hosted
258069,233692,"2024-11-29 13:33:23",xxx,6,self-hosted
258072,37055,"2024-11-29 14:19:45",xxx,6,self-hosted
258107,233710,"2024-12-02 12:51:57",xxx,6,self-hosted
258145,232861,"2024-12-03 15:08:33",xxx,6,self-hosted
258183,233753,"2024-12-04 13:49:51",xxx,6,self-hosted
258185,233754,"2024-12-04 14:08:54",xxx,6,self-hosted
258258,214769,"2024-12-07 05:57:03",xxx,6,self-hosted
258289,86579,"2024-12-09 13:43:24",xxx,6,self-hosted
258313,233404,"2024-12-10 11:56:16",xxx,6,self-hosted
258325,128889,"2024-12-10 14:31:36",xxx,6,self-hosted
258408,126931,"2024-12-12 10:04:58",xxx,6,self-hosted
258498,233913,"2024-12-16 14:25:51",xxx,6,self-hosted
258518,233931,"2024-12-17 10:29:56",xxx,6,self-hosted
258636,131477,"2024-12-20 08:37:32",xxx,6,self-hosted
258639,233994,"2024-12-20 09:59:17",xxx,6,self-hosted
258645,233982,"2024-12-20 11:05:27",xxx,6,self-hosted
258686,81068,"2024-12-23 15:20:51",xxx,6,self-hosted
258691,234021,"2024-12-23 16:44:13",xxx,6,self-hosted
258748,49224,"2024-12-28 14:00:25",xxx,6,self-hosted
258765,234083,"2024-12-30 12:03:43",xxx,NULL,saas
258769,234084,"2024-12-30 12:11:52",xxx,NULL,saas
258776,234093,"2024-12-30 17:29:15",xxx,6,self-hosted
258794,234086,"2024-12-31 10:34:28",xxx,NULL,saas
258891,170079,"2025-01-06 15:30:14",xxx,6,self-hosted
258906,234170,"2025-01-07 12:13:32",xxx,6,self-hosted
259004,60030,"2025-01-10 09:24:26",xxx,6,self-hosted
259054,36740,"2025-01-13 13:09:20",xxx,6,self-hosted
259095,234284,"2025-01-14 17:11:19",xxx,6,self-hosted
259208,15945,"2025-01-20 11:41:49",xxx,6,self-hosted
259267,198985,"2025-01-21 16:33:52",xxx,6,self-hosted
259309,59855,"2025-01-22 20:52:44",xxx,6,self-hosted
259339,113952,"2025-01-23 15:04:22",xxx,6,self-hosted
259368,71692,"2025-01-24 12:23:17",xxx,6,self-hosted
259422,147645,"2025-01-27 11:57:35",xxx,6,self-hosted
259471,160921,"2025-01-28 15:33:24",xxx,6,self-hosted
259487,234348,"2025-01-29 10:22:02",xxx,6,self-hosted
259583,78767,"2025-01-31 13:39:45",xxx,6,self-hosted
259731,234605,"2025-02-06 13:55:23",xxx,6,self-hosted
259758,234600,"2025-02-07 13:36:16",xxx,6,self-hosted
259768,188042,"2025-02-07 14:58:01",xxx,6,self-hosted
259822,65232,"2025-02-10 17:10:36",xxx,6,self-hosted
259988,234631,"2025-02-17 07:55:08",xxx,6,self-hosted
259994,234086,"2025-02-17 08:34:43",xxx,NULL,saas
260044,45451,"2025-02-18 09:41:55",xxx,6,self-hosted
260068,72324,"2025-02-18 15:23:41",xxx,6,self-hosted
260237,234905,"2025-02-25 07:32:27",xxx,6,self-hosted
260242,225269,"2025-02-25 09:32:06",xxx,6,self-hosted
260243,234907,"2025-02-25 09:35:17",xxx,6,self-hosted
260277,234805,"2025-02-26 08:44:02",xxx,6,self-hosted
260553,193724,"2025-03-10 12:30:02",xxx,6,self-hosted
260559,199801,"2025-03-10 14:02:01",xxx,6,self-hosted
260584,37768,"2025-03-11 10:48:59",xxx,6,self-hosted
260670,235161,"2025-03-13 15:46:04",xxx,6,self-hosted
260762,230625,"2025-03-18 11:06:02",xxx,6,self-hosted
260906,118342,"2025-03-22 11:04:59",xxx,6,self-hosted
260916,235284,"2025-03-23 10:52:48",xxx,6,self-hosted
260965,235229,"2025-03-25 10:33:41",xxx,6,self-hosted
261004,234475,"2025-03-26 11:49:22",xxx,6,self-hosted
261074,111194,"2025-03-28 10:36:26",xxx,6,self-hosted
261078,56235,"2025-03-28 11:48:32",xxx,6,self-hosted
261095,235372,"2025-03-28 14:32:24",xxx,6,self-hosted
261186,235433,"2025-04-01 15:42:49",xxx,6,self-hosted
261194,66488,"2025-04-02 07:56:26",xxx,6,self-hosted
261197,235294,"2025-04-02 08:45:02",xxx,NULL,saas
261199,235294,"2025-04-02 08:49:05",xxx,NULL,saas
261200,235447,"2025-04-02 08:52:01",xxx,6,self-hosted
261208,233960,"2025-04-02 09:47:04",xxx,6,self-hosted
261231,235340,"2025-04-02 13:38:42",xxx,NULL,saas
261279,235471,"2025-04-03 11:53:45",xxx,6,self-hosted
261285,142982,"2025-04-03 14:20:41",xxx,6,self-hosted
261309,90679,"2025-04-04 11:50:49",xxx,6,self-hosted
261319,230561,"2025-04-04 15:00:20",xxx,6,self-hosted
261349,27509,"2025-04-07 10:05:35",xxx,6,self-hosted
261439,91763,"2025-04-10 11:01:11",xxx,6,self-hosted
261448,51047,"2025-04-10 15:08:53",xxx,6,self-hosted
261478,89728,"2025-04-11 17:07:14",xxx,6,self-hosted
261537,235655,"2025-04-15 10:34:32",xxx,6,self-hosted
261585,161124,"2025-04-16 14:31:10",xxx,6,self-hosted
261697,235174,"2025-04-22 17:06:08",xxx,6,self-hosted
261722,235243,"2025-04-23 11:54:28",xxx,NULL,saas
261833,95016,"2025-04-28 13:00:47",xxx,6,self-hosted
261834,180624,"2025-04-28 13:37:54",xxx,6,self-hosted
261860,235859,"2025-04-29 10:51:27",xxx,6,self-hosted
261886,63462,"2025-04-29 15:29:13",xxx,6,self-hosted
261925,134182,"2025-04-30 15:27:10",xxx,6,self-hosted
262086,235989,"2025-05-07 13:54:30",xxx,6,self-hosted
262096,78215,"2025-05-07 16:36:10",xxx,6,self-hosted
262119,182427,"2025-05-08 14:37:12",xxx,6,self-hosted
262129,235903,"2025-05-08 21:31:53",xxx,6,self-hosted
262132,122942,"2025-05-09 09:06:53",xxx,NULL,saas
262238,225911,"2025-05-13 11:25:54",xxx,6,self-hosted
262280,235931,"2025-05-14 12:38:25",xxx,6,self-hosted
262294,212165,"2025-05-14 15:17:21",xxx,6,self-hosted
262306,191622,"2025-05-15 10:22:13",xxx,6,self-hosted
262327,51357,"2025-05-15 14:51:41",xxx,6,self-hosted
262377,132996,"2025-05-18 11:41:17",xxx,6,self-hosted
262456,235946,"2025-05-20 14:10:32",xxx,6,self-hosted
262491,228584,"2025-05-21 12:47:19",xxx,6,self-hosted
262496,109382,"2025-05-21 14:16:34",xxx,6,self-hosted
262498,235041,"2025-05-21 14:47:26",xxx,6,self-hosted
262567,236116,"2025-05-23 15:53:18",xxx,6,self-hosted
262769,192181,"2025-06-03 10:40:27",xxx,6,self-hosted
262770,232450,"2025-06-03 10:50:20",xxx,6,self-hosted
262828,163893,"2025-06-04 15:36:42",xxx,6,self-hosted
262852,227506,"2025-06-05 12:59:03",xxx,6,self-hosted
262917,230117,"2025-06-09 16:05:27",xxx,6,self-hosted
262956,236496,"2025-06-11 09:32:16",xxx,6,self-hosted
263086,151715,"2025-06-17 12:48:50",xxx,6,self-hosted
263095,16711,"2025-06-17 14:21:00",xxx,6,self-hosted
263104,210029,"2025-06-18 07:56:15",xxx,6,self-hosted
263106,90559,"2025-06-18 09:10:48",xxx,6,self-hosted
263121,156296,"2025-06-18 12:59:57",xxx,6,self-hosted
263126,32008,"2025-06-18 14:29:51",xxx,6,self-hosted
263128,78382,"2025-06-18 14:41:43",xxx,6,self-hosted
263147,100742,"2025-06-19 11:19:13",xxx,6,self-hosted
263261,236213,"2025-06-25 11:37:14",xxx,6,self-hosted
263310,236708,"2025-06-27 11:53:40",xxx,6,self-hosted
263344,127196,"2025-06-30 11:54:27",xxx,6,self-hosted
263394,236764,"2025-07-01 15:04:33",xxx,6,self-hosted
263402,87056,"2025-07-01 15:49:29",xxx,6,self-hosted
263416,114106,"2025-07-02 06:39:31",xxx,6,self-hosted
263423,236770,"2025-07-02 09:30:57",xxx,6,self-hosted
263433,169280,"2025-07-02 11:44:53",xxx,NULL,saas
263470,227075,"2025-07-03 13:49:51",xxx,6,self-hosted
263591,236813,"2025-07-08 15:12:32",xxx,NULL,saas
263619,53418,"2025-07-09 11:52:28",xxx,6,self-hosted
263653,71668,"2025-07-10 11:10:11",xxx,6,self-hosted
263716,130227,"2025-07-14 09:40:21",xxx,6,self-hosted
263728,75582,"2025-07-14 13:43:03",xxx,6,self-hosted
263763,236967,"2025-07-15 18:16:44",xxx,6,self-hosted
263859,236960,"2025-07-18 14:26:33",xxx,6,self-hosted
263901,75792,"2025-07-21 18:03:44",xxx,6,self-hosted
263935,237029,"2025-07-22 17:44:01",xxx,6,self-hosted
264058,237101,"2025-07-28 17:46:29",xxx,6,self-hosted
264064,237170,"2025-07-29 08:03:23",xxx,6,self-hosted
264106,116017,"2025-07-31 09:15:11",xxx,6,self-hosted
264133,237216,"2025-07-31 17:32:06",xxx,6,self-hosted
264153,113503,"2025-08-01 15:26:46",xxx,6,self-hosted
264215,48132,"2025-08-05 13:53:37",xxx,6,self-hosted
264258,237277,"2025-08-06 11:17:43",xxx,6,self-hosted
264273,118026,"2025-08-06 15:26:40",xxx,6,self-hosted
264420,108887,"2025-08-12 16:41:18",xxx,6,self-hosted
264424,237337,"2025-08-12 22:04:36",xxx,6,self-hosted
264554,73531,"2025-08-19 09:52:01",xxx,6,self-hosted
264566,237423,"2025-08-19 15:18:54",xxx,6,self-hosted
264599,117172,"2025-08-20 17:52:42",xxx,6,self-hosted
264621,13128,"2025-08-22 07:57:48",xxx,6,self-hosted
264638,229019,"2025-08-22 15:29:56",xxx,6,self-hosted
264652,237420,"2025-08-24 16:39:01",xxx,6,self-hosted
264741,237551,"2025-08-28 16:48:45",xxx,6,self-hosted
264759,237536,"2025-08-29 11:55:53",xxx,6,self-hosted
264809,229248,"2025-09-02 08:34:56",xxx,NULL,saas
264845,237515,"2025-09-03 06:15:44",xxx,6,self-hosted
264934,237640,"2025-09-08 08:29:00",xxx,NULL,saas
264943,53415,"2025-09-08 11:49:12",xxx,6,self-hosted
264952,237613,"2025-09-08 16:53:06",xxx,6,self-hosted
264971,237678,"2025-09-09 13:21:00",xxx,6,self-hosted
264985,78368,"2025-09-10 11:29:05",xxx,6,self-hosted
265029,63959,"2025-09-11 13:43:48",xxx,6,self-hosted
265124,237769,"2025-09-16 17:15:39",xxx,6,self-hosted
265143,236801,"2025-09-17 12:09:46",xxx,6,self-hosted
265167,135903,"2025-09-18 11:31:17",xxx,6,self-hosted
265201,237811,"2025-09-19 12:16:25",xxx,6,self-hosted
265208,237805,"2025-09-19 15:03:35",xxx,6,self-hosted
265244,229958,"2025-09-22 14:14:08",xxx,6,self-hosted
265250,218592,"2025-09-22 16:08:09",xxx,6,self-hosted
265321,24616,"2025-09-25 11:18:46",xxx,6,self-hosted
265342,237398,"2025-09-26 09:22:12",xxx,6,self-hosted
265406,187742,"2025-09-30 11:54:27",xxx,6,self-hosted
265430,60669,"2025-10-01 08:34:55",xxx,6,self-hosted
265458,236951,"2025-10-02 09:47:35",xxx,6,self-hosted
265484,238005,"2025-10-04 17:38:47",xxx,6,self-hosted
265488,238029,"2025-10-04 23:16:17",xxx,6,self-hosted
265545,38618,"2025-10-08 08:59:12",xxx,6,self-hosted
265547,28198,"2025-10-08 09:27:37",xxx,6,self-hosted
265585,36483,"2025-10-09 09:36:26",xxx,6,self-hosted
265613,236305,"2025-10-10 14:39:27",xxx,6,self-hosted
265632,232302,"2025-10-13 08:52:33",xxx,6,self-hosted
265638,86772,"2025-10-13 11:30:40",xxx,6,self-hosted
265668,139952,"2025-10-14 00:56:25",xxx,6,self-hosted
265676,215527,"2025-10-14 09:22:41",xxx,6,self-hosted
265731,39834,"2025-10-16 08:58:47",xxx,6,self-hosted
265804,145064,"2025-10-21 12:31:52",xxx,6,self-hosted
265857,91282,"2025-10-23 10:27:17",xxx,6,self-hosted
265862,13790,"2025-10-23 11:11:47",xxx,6,self-hosted
265913,238312,"2025-10-26 10:01:56",xxx,6,self-hosted
265957,234256,"2025-10-28 13:23:47",xxx,6,self-hosted
266051,238375,"2025-11-03 09:40:01",xxx,6,self-hosted
266055,195805,"2025-11-03 11:29:17",xxx,6,self-hosted
266162,238465,"2025-11-07 06:48:51",xxx,6,self-hosted
266165,232708,"2025-11-07 10:15:38",xxx,6,self-hosted
266178,8186,"2025-11-07 16:45:24",xxx,6,self-hosted
266235,88433,"2025-11-11 13:43:36",xxx,6,self-hosted
266248,130865,"2025-11-11 16:21:55",xxx,6,self-hosted
266280,238544,"2025-11-12 17:12:26",xxx,NULL,saas
266294,25180,"2025-11-13 09:34:03",xxx,6,self-hosted
266392,110986,"2025-11-17 21:03:00",xxx,6,self-hosted
266421,238633,"2025-11-19 10:03:28",xxx,6,self-hosted
266428,238630,"2025-11-19 11:48:33",xxx,6,self-hosted
