id,name,creationDate
678,xxx,"2008-03-28 07:38:58"
771,xxx,"2008-04-22 14:50:00"
1120,xxx,"2008-06-03 16:31:59"
1625,xxx,"2008-10-21 14:16:19"
1737,xxx,"2008-11-12 16:46:18"
2327,xxx,"2009-02-12 06:56:36"
2357,xxx,"2009-02-20 11:13:35"
2446,xxx,"2009-03-04 17:58:29"
2539,xxx,"2009-03-07 11:05:34"
2691,xxx,"2009-03-24 21:39:43"
3156,xxx,"2009-06-02 12:34:37"
3888,xxx,"2009-09-09 16:03:07"
4281,xxx,"2009-11-10 22:29:44"
5158,xxx,"2010-06-04 12:14:14"
5192,xxx,"2010-06-09 19:31:30"
5412,xxx,"2010-08-18 13:44:24"
5473,xxx,"2010-08-31 17:39:43"
5519,xxx,"2010-09-07 11:34:59"
5584,xxx,"2010-09-22 11:57:37"
5706,xxx,"2010-10-14 18:37:47"
5846,xxx,"2010-10-20 16:04:53"
6440,xxx,"2010-11-20 16:51:32"
6708,xxx,"2010-12-10 17:05:08"
7615,xxx,"2011-02-15 23:43:06"
7745,xxx,"2011-02-24 12:40:30"
7855,xxx,"2011-03-01 17:52:26"
7945,xxx,"2011-03-02 18:33:46"
8122,xxx,"2011-03-08 16:22:38"
8186,xxx,"2011-03-11 09:42:02"
8670,xxx,"2011-04-08 11:32:18"
9814,xxx,"2011-06-15 17:09:39"
9820,xxx,"2011-06-16 10:33:31"
10169,xxx,"2011-07-08 15:31:01"
10203,xxx,"2011-07-11 16:54:35"
10231,xxx,"2011-07-13 10:29:03"
10302,xxx,"2011-07-18 10:12:41"
10602,xxx,"2011-08-03 13:22:05"
10890,xxx,"2011-08-23 16:29:55"
11267,xxx,"2011-09-16 15:51:36"
11487,xxx,"2011-09-28 15:34:06"
11766,xxx,"2011-10-17 15:48:54"
11986,xxx,"2011-11-05 08:14:10"
12038,xxx,"2011-11-09 15:26:03"
12051,xxx,"2011-11-10 13:22:57"
12303,xxx,"2011-12-02 09:50:49"
12521,xxx,"2011-12-20 15:09:54"
12549,xxx,"2011-12-22 11:16:47"
12577,xxx,"2011-12-26 14:37:38"
12829,xxx,"2012-01-13 11:13:57"
12988,xxx,"2012-01-23 16:51:56"
13128,xxx,"2012-01-31 08:56:42"
13347,xxx,"2012-02-10 08:33:09"
13448,xxx,"2012-02-16 14:59:55"
13515,xxx,"2012-02-21 10:25:14"
13548,xxx,"2012-02-22 12:40:30"
13648,xxx,"2012-02-28 16:43:56"
13790,xxx,"2012-03-08 08:30:24"
15387,xxx,"2012-06-11 09:37:23"
15803,xxx,"2012-07-04 09:39:22"
15846,xxx,"2012-07-06 13:02:11"
15945,xxx,"2012-07-12 16:21:15"
15955,xxx,"2012-07-12 20:16:30"
16433,xxx,"2012-08-08 16:42:55"
16680,xxx,"2012-08-23 12:05:13"
16711,xxx,"2012-08-24 14:08:20"
17536,xxx,"2012-09-26 11:37:52"
17611,xxx,"2012-10-01 08:43:48"
17664,xxx,"2012-10-04 16:24:08"
18423,xxx,"2012-11-14 14:47:50"
18597,xxx,"2012-11-22 11:21:54"
19083,xxx,"2012-12-18 10:34:43"
19097,xxx,"2012-12-18 16:53:04"
19377,xxx,"2013-01-07 15:38:11"
19400,xxx,"2013-01-08 13:52:00"
19558,xxx,"2013-01-13 12:00:00"
19640,xxx,"2013-01-16 10:06:02"
19764,xxx,"2013-01-21 14:06:07"
19859,xxx,"2013-01-24 14:06:08"
20365,xxx,"2013-02-13 11:58:01"
20391,xxx,"2013-02-14 10:52:30"
20685,xxx,"2013-02-25 09:17:14"
20962,xxx,"2013-03-07 14:05:06"
21070,xxx,"2013-03-08 19:45:24"
21123,xxx,"2013-03-11 12:40:50"
21253,xxx,"2013-03-12 10:00:57"
21869,xxx,"2013-03-27 21:16:12"
22015,xxx,"2013-04-03 15:41:53"
22211,xxx,"2013-04-10 16:39:15"
22284,xxx,"2013-04-12 14:18:09"
22502,xxx,"2013-04-19 16:11:54"
22754,xxx,"2013-04-29 16:45:22"
22788,xxx,"2013-04-30 16:39:20"
22865,xxx,"2013-05-04 22:15:50"
22926,xxx,"2013-05-08 11:37:48"
22952,xxx,"2013-05-08 21:00:54"
22974,xxx,"2013-05-10 09:48:00"
23131,xxx,"2013-05-17 10:46:39"
23621,xxx,"2013-06-06 16:39:42"
23643,xxx,"2013-06-07 13:46:03"
24403,xxx,"2013-07-04 14:16:13"
24616,xxx,"2013-07-11 18:38:08"
25013,xxx,"2013-07-25 16:04:23"
25022,xxx,"2013-07-26 09:17:56"
25180,xxx,"2013-08-01 12:13:52"
25572,xxx,"2013-08-18 13:44:02"
25927,xxx,"2013-08-28 15:44:41"
26235,xxx,"2013-09-10 13:39:59"
26390,xxx,"2013-09-16 12:53:33"
26730,xxx,"2013-09-24 13:52:33"
27477,xxx,"2013-09-26 11:43:53"
27509,xxx,"2013-09-27 13:32:34"
27830,xxx,"2013-10-09 09:50:06"
27842,xxx,"2013-10-09 13:54:42"
27980,xxx,"2013-10-14 14:35:30"
28016,xxx,"2013-10-15 10:37:42"
28198,xxx,"2013-10-21 14:22:32"
28204,xxx,"2013-10-21 16:18:06"
28418,xxx,"2013-10-28 11:17:59"
29499,xxx,"2013-12-02 12:29:26"
30204,xxx,"2014-01-02 09:30:15"
30345,xxx,"2014-01-07 10:40:30"
30373,xxx,"2014-01-07 17:21:38"
30398,xxx,"2014-01-08 13:49:20"
30669,xxx,"2014-01-17 16:12:32"
30790,xxx,"2014-01-21 22:42:04"
30905,xxx,"2014-01-24 15:12:53"
31156,xxx,"2014-01-29 10:25:06"
31596,xxx,"2014-02-07 11:31:50"
31880,xxx,"2014-02-14 18:00:26"
32008,xxx,"2014-02-17 23:28:43"
32072,xxx,"2014-02-19 11:06:10"
32346,xxx,"2014-02-26 09:13:59"
32476,xxx,"2014-02-28 11:49:50"
32490,xxx,"2014-02-28 12:53:37"
32512,xxx,"2014-02-28 14:23:43"
32596,xxx,"2014-03-03 12:55:00"
32685,xxx,"2014-03-05 17:29:45"
33144,xxx,"2014-03-14 09:31:58"
33394,xxx,"2014-03-19 09:23:34"
33761,xxx,"2014-03-27 00:39:12"
33873,xxx,"2014-03-31 15:42:04"
33927,xxx,"2014-04-02 10:08:28"
34657,xxx,"2014-04-25 09:15:26"
34982,xxx,"2014-05-07 06:43:23"
35426,xxx,"2014-05-21 13:33:38"
35447,xxx,"2014-05-21 20:53:39"
35476,xxx,"2014-05-22 11:14:30"
35676,xxx,"2014-05-28 09:40:51"
36339,xxx,"2014-06-18 09:43:01"
36341,xxx,"2014-06-18 09:58:26"
36407,xxx,"2014-06-19 15:13:24"
36740,xxx,"2014-07-01 10:34:28"
36795,xxx,"2014-07-02 14:37:15"
36961,xxx,"2014-07-08 16:26:34"
37055,xxx,"2014-07-11 13:20:04"
37638,xxx,"2014-07-31 15:01:44"
37643,xxx,"2014-07-31 15:59:10"
37740,xxx,"2014-08-04 16:10:16"
37768,xxx,"2014-08-05 11:21:31"
37789,xxx,"2014-08-05 17:50:45"
37855,xxx,"2014-08-07 13:31:15"
37933,xxx,"2014-08-10 11:24:15"
38109,xxx,"2014-08-15 15:20:54"
38387,xxx,"2014-08-26 10:08:56"
38618,xxx,"2014-09-03 11:19:35"
38668,xxx,"2014-09-04 10:10:11"
39580,xxx,"2014-09-12 15:04:09"
39652,xxx,"2014-09-15 09:29:39"
39834,xxx,"2014-09-17 13:29:44"
39927,xxx,"2014-09-19 10:28:50"
40114,xxx,"2014-09-24 15:44:58"
40321,xxx,"2014-09-30 15:40:05"
40391,xxx,"2014-10-01 20:45:02"
40848,xxx,"2014-10-15 11:02:15"
41435,xxx,"2014-10-30 16:25:21"
41641,xxx,"2014-11-05 13:27:41"
41896,xxx,"2014-11-12 10:04:31"
41914,xxx,"2014-11-12 14:19:27"
42193,xxx,"2014-11-19 10:30:44"
42489,xxx,"2014-11-27 10:55:41"
42541,xxx,"2014-11-28 09:42:38"
42644,xxx,"2014-12-02 14:09:09"
42687,xxx,"2014-12-03 13:57:32"
42752,xxx,"2014-12-05 09:15:25"
43074,xxx,"2014-12-15 13:26:35"
43123,xxx,"2014-12-16 17:04:25"
43158,xxx,"2014-12-17 16:12:57"
43456,xxx,"2015-01-02 12:33:22"
43520,xxx,"2015-01-05 10:40:03"
43646,xxx,"2015-01-08 11:37:32"
43731,xxx,"2015-01-10 21:11:00"
44476,xxx,"2015-01-29 08:28:24"
44596,xxx,"2015-02-02 10:52:46"
44827,xxx,"2015-02-06 14:00:20"
44978,xxx,"2015-02-10 14:04:25"
45004,xxx,"2015-02-11 07:24:14"
45057,xxx,"2015-02-12 11:36:47"
45684,xxx,"2015-02-27 10:23:21"
45769,xxx,"2015-03-02 10:44:38"
45794,xxx,"2015-03-02 14:34:26"
45810,xxx,"2015-03-02 17:00:51"
45928,xxx,"2015-03-05 10:18:51"
45974,xxx,"2015-03-05 19:26:43"
46794,xxx,"2015-03-26 09:41:22"
46868,xxx,"2015-03-27 11:54:23"
46982,xxx,"2015-03-30 11:29:47"
47196,xxx,"2015-04-02 09:23:22"
47269,xxx,"2015-04-03 10:51:11"
47473,xxx,"2015-04-07 17:39:56"
47744,xxx,"2015-04-14 11:33:31"
48062,xxx,"2015-04-21 10:46:27"
48156,xxx,"2015-04-22 16:19:17"
48579,xxx,"2015-04-29 21:46:35"
48747,xxx,"2015-05-05 10:19:39"
49224,xxx,"2015-05-16 07:45:13"
49329,xxx,"2015-05-19 16:34:41"
49403,xxx,"2015-05-21 10:52:55"
49443,xxx,"2015-05-21 18:44:59"
49468,xxx,"2015-05-22 10:53:23"
50153,xxx,"2015-06-08 08:04:52"
50164,xxx,"2015-06-08 12:23:55"
50216,xxx,"2015-06-09 09:59:15"
50634,xxx,"2015-06-16 15:35:22"
51047,xxx,"2015-06-23 16:31:05"
51054,xxx,"2015-06-23 17:54:53"
51288,xxx,"2015-06-29 12:06:24"
51357,xxx,"2015-06-30 14:16:15"
51476,xxx,"2015-07-02 16:35:47"
51591,xxx,"2015-07-06 15:26:53"
51658,xxx,"2015-07-07 19:04:02"
51701,xxx,"2015-07-08 12:09:05"
51770,xxx,"2015-07-08 15:47:40"
52015,xxx,"2015-07-10 09:00:43"
52104,xxx,"2015-07-13 08:17:35"
52208,xxx,"2015-07-13 23:01:02"
52339,xxx,"2015-07-15 11:03:44"
52771,xxx,"2015-07-23 23:58:20"
52804,xxx,"2015-07-24 15:44:01"
52910,xxx,"2015-07-28 11:56:05"
53086,xxx,"2015-07-31 13:29:56"
53279,xxx,"2015-08-05 16:26:02"
53415,xxx,"2015-08-07 13:44:02"
53418,xxx,"2015-08-07 14:56:31"
53573,xxx,"2015-08-11 14:30:50"
53632,xxx,"2015-08-12 16:14:22"
53710,xxx,"2015-08-14 10:16:33"
54095,xxx,"2015-08-21 10:25:07"
54262,xxx,"2015-08-25 12:14:24"
55077,xxx,"2015-09-10 11:03:02"
55190,xxx,"2015-09-13 12:37:14"
55367,xxx,"2015-09-16 13:38:24"
55379,xxx,"2015-09-16 16:06:02"
55950,xxx,"2015-09-24 16:42:55"
56126,xxx,"2015-09-29 08:59:35"
56179,xxx,"2015-09-29 16:02:25"
56229,xxx,"2015-09-30 15:15:55"
56235,xxx,"2015-09-30 17:30:58"
56474,xxx,"2015-10-06 09:32:40"
57012,xxx,"2015-10-16 15:29:18"
57258,xxx,"2015-10-21 14:23:09"
57280,xxx,"2015-10-21 18:06:04"
57925,xxx,"2015-11-02 17:01:00"
58027,xxx,"2015-11-04 10:06:20"
58159,xxx,"2015-11-06 11:38:51"
58245,xxx,"2015-11-09 09:29:11"
58425,xxx,"2015-11-11 11:02:53"
58471,xxx,"2015-11-11 19:05:29"
58546,xxx,"2015-11-13 08:52:12"
59374,xxx,"2015-11-27 14:14:22"
59612,xxx,"2015-12-02 18:53:24"
59721,xxx,"2015-12-04 14:52:13"
59788,xxx,"2015-12-07 10:12:39"
59799,xxx,"2015-12-07 13:48:58"
59827,xxx,"2015-12-07 18:53:50"
59846,xxx,"2015-12-08 09:45:13"
59855,xxx,"2015-12-08 12:17:01"
59946,xxx,"2015-12-09 21:01:40"
60001,xxx,"2015-12-10 16:41:23"
60030,xxx,"2015-12-11 12:02:28"
60616,xxx,"2015-12-28 16:06:53"
60669,xxx,"2015-12-30 12:35:39"
60897,xxx,"2016-01-06 16:09:20"
60945,xxx,"2016-01-07 15:53:42"
61454,xxx,"2016-01-17 09:48:10"
61496,xxx,"2016-01-18 11:28:40"
61601,xxx,"2016-01-19 15:33:00"
61668,xxx,"2016-01-20 15:48:10"
62029,xxx,"2016-01-25 16:53:58"
62378,xxx,"2016-02-01 11:00:24"
62605,xxx,"2016-02-03 20:48:16"
62608,xxx,"2016-02-03 21:58:43"
62654,xxx,"2016-02-04 13:53:13"
62702,xxx,"2016-02-05 08:04:37"
62849,xxx,"2016-02-08 11:31:55"
62866,xxx,"2016-02-08 16:11:42"
62919,xxx,"2016-02-09 15:06:08"
63041,xxx,"2016-02-11 12:32:10"
63074,xxx,"2016-02-11 17:37:45"
63090,xxx,"2016-02-12 09:33:55"
63462,xxx,"2016-02-18 14:23:10"
63503,xxx,"2016-02-18 22:10:48"
63556,xxx,"2016-02-19 14:47:04"
63721,xxx,"2016-02-23 09:16:26"
63783,xxx,"2016-02-23 17:19:49"
63959,xxx,"2016-02-26 09:05:58"
64095,xxx,"2016-03-01 10:54:42"
64100,xxx,"2016-03-01 11:21:50"
64277,xxx,"2016-03-03 18:04:26"
64398,xxx,"2016-03-04 16:26:37"
64664,xxx,"2016-03-08 15:23:28"
64788,xxx,"2016-03-10 04:53:59"
65224,xxx,"2016-03-17 15:17:36"
65373,xxx,"2016-03-21 12:52:57"
65388,xxx,"2016-03-21 16:04:29"
65403,xxx,"2016-03-21 17:34:26"
65842,xxx,"2016-03-31 11:42:10"
66207,xxx,"2016-04-06 20:32:22"
66488,xxx,"2016-04-13 08:46:41"
66694,xxx,"2016-04-15 15:08:21"
66889,xxx,"2016-04-19 15:18:11"
69716,xxx,"2016-04-20 14:50:44"
70779,xxx,"2016-05-10 12:33:25"
71304,xxx,"2016-05-18 15:04:16"
71668,xxx,"2016-05-25 13:14:45"
71672,xxx,"2016-05-25 13:55:53"
71692,xxx,"2016-05-25 16:02:24"
71785,xxx,"2016-05-27 15:28:32"
71898,xxx,"2016-05-31 07:38:03"
71981,xxx,"2016-06-01 11:44:56"
72001,xxx,"2016-06-01 14:51:26"
72132,xxx,"2016-06-03 14:30:11"
72324,xxx,"2016-06-08 10:10:29"
72582,xxx,"2016-06-13 14:38:08"
72932,xxx,"2016-06-20 23:01:39"
73178,xxx,"2016-06-25 16:19:25"
73476,xxx,"2016-06-30 16:13:39"
73516,xxx,"2016-07-01 11:20:32"
73531,xxx,"2016-07-01 14:33:40"
74106,xxx,"2016-07-12 10:28:14"
74153,xxx,"2016-07-12 16:18:39"
74264,xxx,"2016-07-14 09:01:41"
74333,xxx,"2016-07-15 11:07:51"
74348,xxx,"2016-07-15 13:17:55"
74422,xxx,"2016-07-18 10:36:21"
74600,xxx,"2016-07-20 18:22:49"
74704,xxx,"2016-07-21 22:49:56"
74993,xxx,"2016-07-28 10:07:54"
75015,xxx,"2016-07-28 15:02:59"
75028,xxx,"2016-07-28 16:55:01"
75211,xxx,"2016-08-02 10:52:02"
75582,xxx,"2016-08-06 17:22:11"
75792,xxx,"2016-08-10 15:13:58"
76159,xxx,"2016-08-17 16:15:20"
76162,xxx,"2016-08-17 16:19:42"
76456,xxx,"2016-08-23 21:20:26"
76528,xxx,"2016-08-24 21:11:02"
76957,xxx,"2016-09-02 09:11:29"
77780,xxx,"2016-09-16 14:27:17"
78215,xxx,"2016-09-21 16:14:40"
78368,xxx,"2016-09-23 12:39:09"
78764,xxx,"2016-09-30 08:44:08"
78801,xxx,"2016-09-30 15:54:16"
79990,xxx,"2016-10-20 20:12:45"
80031,xxx,"2016-10-21 13:49:10"
80050,xxx,"2016-10-21 17:58:25"
80124,xxx,"2016-10-24 07:21:54"
80236,xxx,"2016-10-25 12:58:01"
81068,xxx,"2016-11-08 17:30:49"
81256,xxx,"2016-11-11 10:25:35"
81733,xxx,"2016-11-19 08:54:57"
82801,xxx,"2016-12-07 14:15:46"
83015,xxx,"2016-12-11 16:46:11"
83291,xxx,"2016-12-16 08:36:58"
83583,xxx,"2016-12-22 08:20:02"
83916,xxx,"2017-01-01 15:15:14"
84558,xxx,"2017-01-12 16:47:54"
85028,xxx,"2017-01-20 10:48:13"
85303,xxx,"2017-01-23 20:17:00"
85528,xxx,"2017-01-26 09:58:18"
86395,xxx,"2017-02-08 19:12:03"
86579,xxx,"2017-02-10 17:04:20"
87056,xxx,"2017-02-16 10:57:33"
87354,xxx,"2017-02-21 12:33:27"
87776,xxx,"2017-02-28 15:12:03"
87914,xxx,"2017-03-02 14:44:03"
88130,xxx,"2017-03-06 18:33:26"
88147,xxx,"2017-03-07 09:26:58"
88433,xxx,"2017-03-10 10:59:50"
88507,xxx,"2017-03-11 12:48:14"
89172,xxx,"2017-03-21 13:39:01"
89193,xxx,"2017-03-21 16:13:49"
89519,xxx,"2017-03-27 11:48:15"
89728,xxx,"2017-03-30 10:36:21"
90679,xxx,"2017-04-13 16:05:59"
91150,xxx,"2017-04-21 10:14:40"
91274,xxx,"2017-04-24 10:54:49"
91282,xxx,"2017-04-24 11:41:18"
91297,xxx,"2017-04-24 14:36:40"
91468,xxx,"2017-04-26 19:12:47"
91540,xxx,"2017-04-27 18:24:33"
92160,xxx,"2017-05-10 14:25:07"
92189,xxx,"2017-05-10 17:28:57"
92548,xxx,"2017-05-17 10:32:30"
93285,xxx,"2017-05-30 14:22:40"
93715,xxx,"2017-06-07 18:17:14"
94916,xxx,"2017-06-30 14:06:55"
94959,xxx,"2017-07-01 14:18:53"
95016,xxx,"2017-07-03 11:53:42"
95628,xxx,"2017-07-13 14:00:34"
95629,xxx,"2017-07-13 14:00:55"
95745,xxx,"2017-07-16 09:38:05"
96275,xxx,"2017-07-25 12:20:51"
96351,xxx,"2017-07-26 11:35:54"
96569,xxx,"2017-07-29 11:42:42"
96719,xxx,"2017-08-01 14:57:22"
96872,xxx,"2017-08-04 10:06:42"
97307,xxx,"2017-08-13 15:31:25"
97568,xxx,"2017-08-18 09:45:52"
97794,xxx,"2017-08-23 09:55:01"
97808,xxx,"2017-08-23 14:33:36"
97988,xxx,"2017-08-28 10:23:55"
98199,xxx,"2017-08-30 23:28:09"
98355,xxx,"2017-09-03 23:25:13"
98605,xxx,"2017-09-07 15:36:41"
98911,xxx,"2017-09-13 15:33:28"
99012,xxx,"2017-09-15 10:31:57"
99456,xxx,"2017-09-21 13:41:21"
99603,xxx,"2017-09-25 09:45:43"
100402,xxx,"2017-10-09 11:27:01"
100742,xxx,"2017-10-15 19:00:57"
101657,xxx,"2017-10-30 17:36:15"
101864,xxx,"2017-11-04 21:51:31"
101910,xxx,"2017-11-06 10:49:26"
102778,xxx,"2017-11-21 15:06:43"
102819,xxx,"2017-11-22 10:01:49"
103862,xxx,"2017-12-07 12:11:42"
103871,xxx,"2017-12-07 13:41:33"
104570,xxx,"2017-12-20 10:51:46"
105206,xxx,"2018-01-06 11:11:00"
105557,xxx,"2018-01-12 12:07:19"
105564,xxx,"2018-01-12 13:35:21"
105638,xxx,"2018-01-14 11:55:28"
105653,xxx,"2018-01-14 22:02:57"
106085,xxx,"2018-01-22 12:08:30"
106517,xxx,"2018-01-29 10:34:53"
106585,xxx,"2018-01-29 20:00:50"
106699,xxx,"2018-01-30 16:25:26"
106793,xxx,"2018-02-01 09:37:23"
106810,xxx,"2018-02-01 11:19:01"
106914,xxx,"2018-02-02 17:41:53"
107101,xxx,"2018-02-06 10:54:37"
107179,xxx,"2018-02-06 19:56:22"
107616,xxx,"2018-02-13 13:32:11"
108282,xxx,"2018-02-22 17:45:56"
108887,xxx,"2018-03-05 14:51:07"
109382,xxx,"2018-03-12 16:19:08"
109948,xxx,"2018-03-20 12:09:51"
110128,xxx,"2018-03-22 16:05:11"
110198,xxx,"2018-03-23 14:35:13"
110455,xxx,"2018-03-28 09:47:32"
110524,xxx,"2018-03-28 18:24:44"
110920,xxx,"2018-04-05 14:22:32"
110986,xxx,"2018-04-06 14:15:45"
111194,xxx,"2018-04-11 07:03:15"
111309,xxx,"2018-04-12 14:52:35"
111358,xxx,"2018-04-13 11:53:12"
111625,xxx,"2018-04-18 14:54:23"
112340,xxx,"2018-05-02 14:36:46"
112738,xxx,"2018-05-09 12:05:22"
113138,xxx,"2018-05-17 10:13:30"
113350,xxx,"2018-05-22 10:21:30"
113425,xxx,"2018-05-23 13:09:33"
113700,xxx,"2018-05-28 09:17:52"
113952,xxx,"2018-06-01 09:50:36"
114106,xxx,"2018-06-05 11:53:35"
115057,xxx,"2018-06-23 10:44:13"
115094,xxx,"2018-06-25 10:48:40"
115181,xxx,"2018-06-26 15:18:45"
115234,xxx,"2018-06-27 12:14:36"
115257,xxx,"2018-06-27 15:45:03"
115279,xxx,"2018-06-28 08:51:49"
116017,xxx,"2018-07-12 17:20:40"
116692,xxx,"2018-07-26 08:58:52"
116716,xxx,"2018-07-26 17:59:00"
117077,xxx,"2018-08-03 13:25:02"
117172,xxx,"2018-08-06 11:16:33"
117215,xxx,"2018-08-07 08:42:11"
117373,xxx,"2018-08-09 14:46:44"
117488,xxx,"2018-08-13 10:28:19"
117871,xxx,"2018-08-21 15:34:40"
118026,xxx,"2018-08-24 10:40:59"
118071,xxx,"2018-08-25 18:58:25"
118181,xxx,"2018-08-28 13:05:49"
118342,xxx,"2018-08-31 11:32:02"
118352,xxx,"2018-08-31 13:50:28"
118567,xxx,"2018-09-05 14:14:37"
119176,xxx,"2018-09-17 13:12:18"
119484,xxx,"2018-09-21 10:46:50"
119812,xxx,"2018-09-27 08:06:57"
119912,xxx,"2018-09-28 13:07:37"
120109,xxx,"2018-10-01 18:32:12"
120285,xxx,"2018-10-04 17:13:28"
120531,xxx,"2018-10-09 15:48:23"
120858,xxx,"2018-10-15 21:44:07"
120981,xxx,"2018-10-17 20:15:27"
121025,xxx,"2018-10-18 13:58:45"
121157,xxx,"2018-10-21 16:33:20"
121193,xxx,"2018-10-22 12:03:10"
121251,xxx,"2018-10-23 09:42:09"
121758,xxx,"2018-10-31 09:25:05"
122193,xxx,"2018-11-07 14:11:36"
122927,xxx,"2018-11-20 10:36:27"
122942,xxx,"2018-11-20 12:58:20"
123143,xxx,"2018-11-23 12:08:08"
123259,xxx,"2018-11-26 13:10:07"
123263,xxx,"2018-11-26 13:44:32"
123290,xxx,"2018-11-26 17:29:16"
123802,xxx,"2018-12-06 16:26:33"
123927,xxx,"2018-12-09 11:47:20"
124043,xxx,"2018-12-11 08:50:15"
124244,xxx,"2018-12-14 15:01:27"
124279,xxx,"2018-12-15 12:07:17"
125201,xxx,"2019-01-09 09:43:32"
125314,xxx,"2019-01-10 22:35:09"
125347,xxx,"2019-01-11 13:16:09"
125700,xxx,"2019-01-18 07:54:46"
126690,xxx,"2019-02-04 10:11:17"
126708,xxx,"2019-02-04 13:16:30"
126718,xxx,"2019-02-04 13:52:21"
126902,xxx,"2019-02-06 21:54:58"
126931,xxx,"2019-02-07 12:49:37"
127196,xxx,"2019-02-12 11:18:25"
127390,xxx,"2019-02-15 13:51:22"
127477,xxx,"2019-02-18 11:40:16"
128329,xxx,"2019-03-05 12:59:50"
128708,xxx,"2019-03-11 15:54:45"
128889,xxx,"2019-03-13 16:44:45"
128966,xxx,"2019-03-14 20:42:46"
129356,xxx,"2019-03-22 11:06:26"
129364,xxx,"2019-03-22 12:58:48"
129516,xxx,"2019-03-26 10:16:48"
129965,xxx,"2019-04-02 17:21:13"
130120,xxx,"2019-04-05 14:55:16"
130227,xxx,"2019-04-08 11:18:08"
130233,xxx,"2019-04-08 11:42:16"
130471,xxx,"2019-04-11 13:11:28"
130692,xxx,"2019-04-16 08:32:43"
130755,xxx,"2019-04-17 09:47:25"
130865,xxx,"2019-04-18 14:51:11"
130880,xxx,"2019-04-18 17:49:54"
131036,xxx,"2019-04-23 12:04:00"
131065,xxx,"2019-04-23 17:14:00"
131457,xxx,"2019-05-02 11:24:41"
131477,xxx,"2019-05-02 15:01:07"
131511,xxx,"2019-05-03 10:19:49"
131775,xxx,"2019-05-08 17:10:50"
132037,xxx,"2019-05-14 11:22:00"
132266,xxx,"2019-05-18 10:33:28"
132291,xxx,"2019-05-19 10:58:45"
132385,xxx,"2019-05-21 12:12:27"
132804,xxx,"2019-05-29 14:36:26"
132996,xxx,"2019-06-04 17:08:43"
133486,xxx,"2019-06-17 13:04:46"
133628,xxx,"2019-06-20 10:53:36"
133730,xxx,"2019-06-23 10:21:30"
133919,xxx,"2019-06-27 13:59:14"
134122,xxx,"2019-07-03 13:04:21"
134182,xxx,"2019-07-04 14:29:08"
134574,xxx,"2019-07-12 15:34:04"
134810,xxx,"2019-07-18 15:01:03"
134993,xxx,"2019-07-22 17:32:13"
135057,xxx,"2019-07-23 16:31:11"
135099,xxx,"2019-07-24 13:15:08"
135283,xxx,"2019-07-29 13:00:42"
135725,xxx,"2019-08-07 12:23:35"
135801,xxx,"2019-08-08 21:39:18"
135903,xxx,"2019-08-12 09:47:23"
135943,xxx,"2019-08-12 21:29:02"
135994,xxx,"2019-08-13 16:40:25"
137032,xxx,"2019-09-04 13:10:05"
137075,xxx,"2019-09-05 10:11:52"
137396,xxx,"2019-09-11 16:11:22"
137684,xxx,"2019-09-16 14:00:47"
137871,xxx,"2019-09-18 11:18:48"
138837,xxx,"2019-10-02 14:16:57"
138868,xxx,"2019-10-02 20:08:26"
139171,xxx,"2019-10-08 10:10:53"
139289,xxx,"2019-10-09 16:03:25"
139327,xxx,"2019-10-10 12:22:23"
139506,xxx,"2019-10-14 09:11:36"
139952,xxx,"2019-10-16 11:19:14"
140283,xxx,"2019-10-21 12:17:06"
140461,xxx,"2019-10-23 14:20:50"
140607,xxx,"2019-10-25 11:11:10"
140932,xxx,"2019-10-30 10:56:08"
141064,xxx,"2019-11-01 11:28:38"
141483,xxx,"2019-11-07 01:31:03"
141695,xxx,"2019-11-09 20:30:00"
142033,xxx,"2019-11-14 10:55:26"
142584,xxx,"2019-11-18 12:02:56"
142680,xxx,"2019-11-19 15:26:50"
142982,xxx,"2019-11-24 16:01:16"
143001,xxx,"2019-11-25 09:49:18"
143184,xxx,"2019-11-27 11:27:45"
143494,xxx,"2019-12-02 14:44:47"
143512,xxx,"2019-12-02 17:37:53"
143704,xxx,"2019-12-05 10:38:49"
143804,xxx,"2019-12-06 15:05:05"
144268,xxx,"2019-12-13 15:12:38"
144407,xxx,"2019-12-16 11:55:54"
144486,xxx,"2019-12-17 09:48:39"
144563,xxx,"2019-12-17 20:24:52"
144688,xxx,"2019-12-19 10:34:09"
145064,xxx,"2019-12-24 11:59:24"
145071,xxx,"2019-12-24 13:20:52"
145267,xxx,"2019-12-29 00:02:31"
145380,xxx,"2019-12-30 14:20:39"
145391,xxx,"2019-12-30 16:05:53"
145552,xxx,"2020-01-02 14:25:42"
145892,xxx,"2020-01-07 14:21:05"
147300,xxx,"2020-01-17 23:29:49"
147873,xxx,"2020-01-23 11:04:14"
148774,xxx,"2020-01-31 12:13:52"
149144,xxx,"2020-02-04 12:37:36"
149511,xxx,"2020-02-06 21:05:45"
149571,xxx,"2020-02-07 11:19:01"
150376,xxx,"2020-02-14 10:28:19"
151715,xxx,"2020-02-26 10:10:17"
152194,xxx,"2020-03-02 16:01:25"
152423,xxx,"2020-03-04 11:52:33"
152950,xxx,"2020-03-09 13:44:39"
153502,xxx,"2020-03-13 22:06:18"
153655,xxx,"2020-03-16 13:45:15"
153926,xxx,"2020-03-18 14:24:01"
154791,xxx,"2020-03-23 16:22:17"
155384,xxx,"2020-03-26 12:54:50"
155460,xxx,"2020-03-26 16:32:57"
155476,xxx,"2020-03-26 18:02:47"
156296,xxx,"2020-03-31 13:39:12"
156905,xxx,"2020-04-03 09:19:53"
156989,xxx,"2020-04-03 14:50:26"
157287,xxx,"2020-04-05 22:08:14"
157451,xxx,"2020-04-06 17:22:57"
157582,xxx,"2020-04-07 12:30:04"
157758,xxx,"2020-04-08 08:59:11"
157876,xxx,"2020-04-08 15:05:18"
157984,xxx,"2020-04-09 10:01:23"
158574,xxx,"2020-04-14 07:58:57"
158578,xxx,"2020-04-14 08:16:39"
158641,xxx,"2020-04-14 12:19:05"
158889,xxx,"2020-04-15 14:54:20"
159278,xxx,"2020-04-17 15:20:45"
159840,xxx,"2020-04-21 14:53:06"
160021,xxx,"2020-04-22 13:38:33"
160921,xxx,"2020-04-28 13:16:11"
161629,xxx,"2020-05-02 07:55:34"
161950,xxx,"2020-05-04 14:18:03"
163893,xxx,"2020-05-18 11:22:18"
163937,xxx,"2020-05-18 14:09:39"
164029,xxx,"2020-05-19 09:56:51"
164505,xxx,"2020-05-22 12:11:05"
165965,xxx,"2020-06-02 16:36:41"
166853,xxx,"2020-06-09 09:52:29"
168502,xxx,"2020-06-23 16:37:21"
168871,xxx,"2020-06-29 11:12:19"
168982,xxx,"2020-06-30 12:00:50"
169092,xxx,"2020-07-01 07:59:53"
169105,xxx,"2020-07-01 09:29:54"
169191,xxx,"2020-07-01 17:17:33"
169196,xxx,"2020-07-01 18:50:40"
169280,xxx,"2020-07-02 17:31:39"
170079,xxx,"2020-07-15 11:20:02"
170614,xxx,"2020-07-24 10:56:57"
170627,xxx,"2020-07-24 12:21:13"
170867,xxx,"2020-07-29 10:13:00"
170912,xxx,"2020-07-29 15:16:42"
171019,xxx,"2020-07-31 11:26:35"
171128,xxx,"2020-08-03 12:58:18"
171290,xxx,"2020-08-05 15:55:37"
171667,xxx,"2020-08-13 09:48:22"
171709,xxx,"2020-08-13 16:49:12"
171744,xxx,"2020-08-14 11:52:44"
171982,xxx,"2020-08-18 16:57:39"
172059,xxx,"2020-08-19 16:52:12"
172082,xxx,"2020-08-20 08:20:32"
172095,xxx,"2020-08-20 10:49:54"
172520,xxx,"2020-08-27 15:23:43"
172870,xxx,"2020-09-02 16:04:23"
173040,xxx,"2020-09-05 20:40:24"
173423,xxx,"2020-09-11 13:39:49"
173608,xxx,"2020-09-15 14:44:02"
174155,xxx,"2020-09-24 09:22:39"
174398,xxx,"2020-09-28 14:03:30"
175216,xxx,"2020-10-08 17:02:28"
175267,xxx,"2020-10-09 12:20:30"
175362,xxx,"2020-10-11 02:04:28"
175615,xxx,"2020-10-14 09:41:17"
175839,xxx,"2020-10-15 15:56:35"
176115,xxx,"2020-10-20 09:43:49"
176310,xxx,"2020-10-22 11:01:32"
176324,xxx,"2020-10-22 13:04:57"
176403,xxx,"2020-10-23 12:21:33"
176505,xxx,"2020-10-24 22:23:47"
176704,xxx,"2020-10-27 14:50:17"
177057,xxx,"2020-11-01 14:00:57"
177469,xxx,"2020-11-06 12:48:56"
177834,xxx,"2020-11-11 15:47:01"
178483,xxx,"2020-11-19 17:50:21"
179655,xxx,"2020-12-04 17:32:43"
179955,xxx,"2020-12-09 10:21:42"
180624,xxx,"2020-12-20 17:16:27"
180753,xxx,"2020-12-23 06:10:15"
180999,xxx,"2020-12-29 14:36:05"
181021,xxx,"2020-12-29 20:17:47"
181952,xxx,"2021-01-13 17:11:36"
182125,xxx,"2021-01-15 14:36:14"
182427,xxx,"2021-01-19 14:22:15"
182506,xxx,"2021-01-20 14:12:20"
182645,xxx,"2021-01-21 23:29:00"
182907,xxx,"2021-01-25 20:41:33"
183074,xxx,"2021-01-27 16:19:40"
183170,xxx,"2021-01-28 16:57:05"
183494,xxx,"2021-02-02 09:25:05"
183534,xxx,"2021-02-02 14:55:51"
183693,xxx,"2021-02-04 12:29:13"
183712,xxx,"2021-02-04 15:30:17"
184012,xxx,"2021-02-09 12:23:07"
184169,xxx,"2021-02-11 08:53:06"
184177,xxx,"2021-02-11 09:55:24"
184381,xxx,"2021-02-13 19:17:28"
184477,xxx,"2021-02-15 13:29:10"
184952,xxx,"2021-02-22 10:51:11"
185446,xxx,"2021-03-01 09:33:02"
186054,xxx,"2021-03-09 12:57:53"
186064,xxx,"2021-03-09 15:27:34"
187087,xxx,"2021-03-24 17:33:53"
187495,xxx,"2021-03-31 14:53:44"
187665,xxx,"2021-04-03 16:20:18"
187742,xxx,"2021-04-05 19:03:50"
187762,xxx,"2021-04-06 08:30:44"
187782,xxx,"2021-04-06 11:08:36"
187821,xxx,"2021-04-06 15:20:34"
187835,xxx,"2021-04-06 17:44:27"
187897,xxx,"2021-04-07 14:23:04"
188042,xxx,"2021-04-09 10:02:37"
188128,xxx,"2021-04-11 06:21:49"
188311,xxx,"2021-04-14 10:01:47"
188315,xxx,"2021-04-14 10:31:19"
188709,xxx,"2021-04-20 16:41:25"
188972,xxx,"2021-04-26 08:29:51"
189008,xxx,"2021-04-26 13:53:05"
189086,xxx,"2021-04-27 13:35:56"
189460,xxx,"2021-05-04 15:15:22"
189585,xxx,"2021-05-06 09:16:52"
189676,xxx,"2021-05-07 10:32:53"
189777,xxx,"2021-05-09 17:41:16"
189890,xxx,"2021-05-11 12:04:52"
189898,xxx,"2021-05-11 13:17:50"
189901,xxx,"2021-05-11 13:48:05"
189991,xxx,"2021-05-12 15:20:08"
190174,xxx,"2021-05-17 08:47:33"
190771,xxx,"2021-05-27 10:31:47"
191061,xxx,"2021-06-02 17:13:19"
191309,xxx,"2021-06-08 09:53:25"
191330,xxx,"2021-06-08 12:22:33"
191537,xxx,"2021-06-11 14:41:02"
191622,xxx,"2021-06-14 10:03:30"
192181,xxx,"2021-06-24 12:26:49"
192841,xxx,"2021-07-08 10:13:05"
192864,xxx,"2021-07-08 13:49:08"
193724,xxx,"2021-07-27 12:47:49"
193743,xxx,"2021-07-27 16:33:47"
193790,xxx,"2021-07-28 15:56:51"
193845,xxx,"2021-07-29 17:43:08"
193958,xxx,"2021-08-02 10:51:45"
194110,xxx,"2021-08-04 17:06:27"
194317,xxx,"2021-08-10 10:53:07"
194432,xxx,"2021-08-12 10:26:03"
194477,xxx,"2021-08-12 16:38:24"
194867,xxx,"2021-08-20 17:20:34"
195011,xxx,"2021-08-24 14:34:57"
195360,xxx,"2021-09-01 09:51:19"
195372,xxx,"2021-09-01 12:00:26"
195696,xxx,"2021-09-09 10:35:03"
195765,xxx,"2021-09-10 17:19:06"
195805,xxx,"2021-09-12 11:34:14"
195844,xxx,"2021-09-13 12:48:08"
196151,xxx,"2021-09-20 12:07:35"
196324,xxx,"2021-09-23 14:52:06"
196542,xxx,"2021-09-29 11:20:24"
196752,xxx,"2021-10-04 12:27:30"
196863,xxx,"2021-10-06 10:31:30"
196873,xxx,"2021-10-06 11:41:24"
197051,xxx,"2021-10-10 15:09:40"
197188,xxx,"2021-10-13 08:56:19"
197272,xxx,"2021-10-14 15:06:05"
197438,xxx,"2021-10-18 19:06:44"
197467,xxx,"2021-10-19 10:53:57"
197604,xxx,"2021-10-21 12:19:51"
197969,xxx,"2021-10-28 16:06:16"
198169,xxx,"2021-11-03 09:54:18"
198471,xxx,"2021-11-09 10:59:48"
198555,xxx,"2021-11-10 13:24:15"
198739,xxx,"2021-11-14 20:08:56"
198779,xxx,"2021-11-15 11:56:53"
198961,xxx,"2021-11-18 14:44:02"
198985,xxx,"2021-11-18 19:55:32"
199201,xxx,"2021-11-23 09:57:59"
199318,xxx,"2021-11-24 21:34:34"
199514,xxx,"2021-11-29 09:23:27"
199801,xxx,"2021-12-03 11:48:02"
199882,xxx,"2021-12-06 08:29:18"
200022,xxx,"2021-12-08 17:40:54"
200050,xxx,"2021-12-09 11:08:12"
200718,xxx,"2021-12-24 08:47:53"
200800,xxx,"2021-12-28 13:59:38"
201309,xxx,"2022-01-10 15:18:39"
201417,xxx,"2022-01-12 16:22:38"
201529,xxx,"2022-01-14 14:52:17"
201591,xxx,"2022-01-16 22:05:48"
201605,xxx,"2022-01-17 12:11:01"
201861,xxx,"2022-01-21 15:33:32"
201943,xxx,"2022-01-24 10:14:18"
202132,xxx,"2022-01-27 12:58:16"
202139,xxx,"2022-01-27 14:24:42"
202185,xxx,"2022-01-28 10:40:17"
202754,xxx,"2022-02-08 15:27:38"
202951,xxx,"2022-02-11 14:15:43"
206401,xxx,"2022-02-22 13:28:35"
206420,xxx,"2022-02-22 15:42:49"
206573,xxx,"2022-02-26 12:31:02"
206898,xxx,"2022-03-07 11:38:42"
207112,xxx,"2022-03-11 20:00:08"
207151,xxx,"2022-03-14 09:31:21"
207743,xxx,"2022-03-30 07:09:43"
207820,xxx,"2022-03-31 13:47:42"
208284,xxx,"2022-04-13 14:33:06"
208536,xxx,"2022-04-22 08:15:52"
208745,xxx,"2022-04-28 05:05:16"
208757,xxx,"2022-04-28 11:45:07"
209086,xxx,"2022-05-09 11:53:48"
209104,xxx,"2022-05-09 18:39:34"
209359,xxx,"2022-05-17 14:26:05"
209361,xxx,"2022-05-17 14:45:44"
209797,xxx,"2022-05-31 14:45:57"
209834,xxx,"2022-06-01 14:11:44"
209931,xxx,"2022-06-03 17:33:36"
210029,xxx,"2022-06-07 15:43:31"
210564,xxx,"2022-06-23 07:20:27"
210940,xxx,"2022-07-05 13:55:22"
210986,xxx,"2022-07-06 13:13:08"
211123,xxx,"2022-07-10 20:06:43"
211152,xxx,"2022-07-11 15:19:29"
211235,xxx,"2022-07-13 13:27:57"
211265,xxx,"2022-07-14 08:51:42"
211266,xxx,"2022-07-14 10:09:32"
211507,xxx,"2022-07-21 19:14:36"
211518,xxx,"2022-07-22 11:32:26"
211756,xxx,"2022-07-28 16:09:12"
212069,xxx,"2022-08-07 23:07:20"
212165,xxx,"2022-08-10 16:41:58"
212546,xxx,"2022-08-23 07:56:01"
212651,xxx,"2022-08-25 14:38:59"
212656,xxx,"2022-08-25 17:07:08"
212992,xxx,"2022-09-06 21:58:55"
213039,xxx,"2022-09-08 08:58:23"
213440,xxx,"2022-09-19 10:11:42"
213709,xxx,"2022-09-27 11:53:54"
213849,xxx,"2022-09-29 12:09:00"
213968,xxx,"2022-10-01 09:10:40"
214081,xxx,"2022-10-05 10:02:27"
214235,xxx,"2022-10-10 14:41:52"
214699,xxx,"2022-10-24 15:48:09"
214752,xxx,"2022-10-25 17:36:02"
214769,xxx,"2022-10-26 10:55:11"
215049,xxx,"2022-11-04 16:48:34"
215216,xxx,"2022-11-09 16:15:55"
215342,xxx,"2022-11-11 13:42:56"
215346,xxx,"2022-11-11 14:00:42"
215363,xxx,"2022-11-11 19:19:53"
215463,xxx,"2022-11-15 10:27:38"
215494,xxx,"2022-11-15 16:26:10"
215527,xxx,"2022-11-16 12:43:08"
215621,xxx,"2022-11-18 16:20:59"
215678,xxx,"2022-11-21 14:05:41"
215726,xxx,"2022-11-22 13:38:18"
216028,xxx,"2022-11-30 09:56:03"
216162,xxx,"2022-12-03 12:21:17"
216484,xxx,"2022-12-13 13:33:38"
216813,xxx,"2022-12-23 14:16:35"
216931,xxx,"2022-12-30 08:41:51"
217053,xxx,"2023-01-04 13:22:20"
217312,xxx,"2023-01-12 13:12:43"
217328,xxx,"2023-01-12 17:02:33"
218117,xxx,"2023-02-06 11:33:58"
218484,xxx,"2023-02-16 15:42:56"
218592,xxx,"2023-02-20 14:27:31"
218676,xxx,"2023-02-22 17:39:27"
218908,xxx,"2023-03-02 11:02:31"
218979,xxx,"2023-03-04 10:44:54"
219027,xxx,"2023-03-06 13:51:45"
219321,xxx,"2023-03-15 13:26:21"
219550,xxx,"2023-03-22 20:25:23"
219757,xxx,"2023-03-29 17:12:06"
219771,xxx,"2023-03-30 09:48:15"
219861,xxx,"2023-04-03 10:43:28"
219900,xxx,"2023-04-04 08:24:50"
219927,xxx,"2023-04-04 22:46:25"
220075,xxx,"2023-04-11 16:16:41"
220250,xxx,"2023-04-17 16:26:44"
220279,xxx,"2023-04-18 14:17:03"
220495,xxx,"2023-04-25 13:56:38"
220522,xxx,"2023-04-26 11:08:33"
220828,xxx,"2023-05-08 11:39:34"
221230,xxx,"2023-05-12 09:28:31"
221482,xxx,"2023-05-22 15:31:28"
221497,xxx,"2023-05-23 11:38:52"
222069,xxx,"2023-06-14 13:45:47"
222412,xxx,"2023-06-28 12:45:18"
222542,xxx,"2023-07-03 10:04:47"
222551,xxx,"2023-07-03 13:24:45"
222584,xxx,"2023-07-04 13:27:40"
222615,xxx,"2023-07-05 11:38:54"
222906,xxx,"2023-07-17 12:23:42"
222938,xxx,"2023-07-18 12:13:02"
222962,xxx,"2023-07-19 07:49:48"
223205,xxx,"2023-07-27 17:04:52"
223276,xxx,"2023-07-31 11:23:05"
223489,xxx,"2023-08-08 12:49:31"
223654,xxx,"2023-08-15 10:22:24"
223758,xxx,"2023-08-18 16:58:24"
224289,xxx,"2023-09-11 15:09:06"
224670,xxx,"2023-09-26 15:20:51"
224802,xxx,"2023-10-02 12:27:54"
224928,xxx,"2023-10-06 15:10:17"
225035,xxx,"2023-10-11 11:11:35"
225269,xxx,"2023-10-19 10:37:53"
225452,xxx,"2023-10-26 15:37:06"
225554,xxx,"2023-10-31 16:39:08"
225744,xxx,"2023-11-08 16:04:12"
225839,xxx,"2023-11-13 13:57:00"
225911,xxx,"2023-11-15 13:28:00"
226319,xxx,"2023-11-30 15:36:22"
226330,xxx,"2023-12-01 08:04:31"
226504,xxx,"2023-12-08 14:48:27"
226646,xxx,"2023-12-14 10:24:21"
226687,xxx,"2023-12-15 14:16:06"
226723,xxx,"2023-12-18 11:05:13"
226813,xxx,"2023-12-21 13:07:21"
226837,xxx,"2023-12-22 12:10:30"
226842,xxx,"2023-12-22 12:57:18"
227221,xxx,"2024-01-12 17:38:48"
227506,xxx,"2024-01-24 16:18:31"
227555,xxx,"2024-01-26 10:05:05"
227617,xxx,"2024-01-29 15:13:17"
227636,xxx,"2024-01-30 11:20:15"
227798,xxx,"2024-02-06 08:43:31"
227901,xxx,"2024-02-08 17:24:19"
227973,xxx,"2024-02-12 12:09:42"
227978,xxx,"2024-02-12 14:48:34"
228005,xxx,"2024-02-13 14:17:43"
228077,xxx,"2024-02-16 10:56:28"
228167,xxx,"2024-02-20 09:46:12"
228195,xxx,"2024-02-21 09:21:35"
228197,xxx,"2024-02-21 09:37:12"
228344,xxx,"2024-02-27 13:28:33"
228347,xxx,"2024-02-27 14:16:49"
228364,xxx,"2024-02-28 10:31:53"
228383,xxx,"2024-02-28 17:33:41"
228419,xxx,"2024-02-29 19:26:33"
228532,xxx,"2024-03-06 09:34:44"
228575,xxx,"2024-03-07 09:47:52"
228584,xxx,"2024-03-07 12:52:08"
228682,xxx,"2024-03-12 11:01:44"
228721,xxx,"2024-03-13 14:13:14"
228746,xxx,"2024-03-14 10:30:09"
229019,xxx,"2024-03-27 10:44:32"
229078,xxx,"2024-03-29 09:08:16"
229145,xxx,"2024-04-02 18:10:44"
229248,xxx,"2024-04-08 02:56:57"
229262,xxx,"2024-04-08 13:50:21"
229285,xxx,"2024-04-09 11:27:21"
229514,xxx,"2024-04-18 15:24:03"
229587,xxx,"2024-04-22 10:18:35"
229601,xxx,"2024-04-22 16:48:51"
229811,xxx,"2024-05-01 12:48:31"
229832,xxx,"2024-05-02 13:29:02"
229887,xxx,"2024-05-06 11:13:50"
229958,xxx,"2024-05-08 14:49:11"
230044,xxx,"2024-05-14 09:22:36"
230117,xxx,"2024-05-16 12:06:20"
230308,xxx,"2024-05-27 12:26:11"
230316,xxx,"2024-05-27 14:09:41"
230625,xxx,"2024-06-12 16:05:34"
230756,xxx,"2024-06-18 17:59:41"
230816,xxx,"2024-06-20 19:01:09"
230818,xxx,"2024-06-21 05:15:26"
230924,xxx,"2024-06-26 10:56:12"
230938,xxx,"2024-06-26 14:32:11"
230968,xxx,"2024-06-27 20:08:54"
230993,xxx,"2024-06-28 16:46:45"
231023,xxx,"2024-06-30 13:11:28"
231038,xxx,"2024-07-01 12:01:02"
231052,xxx,"2024-07-01 15:04:16"
231136,xxx,"2024-07-04 12:04:53"
231169,xxx,"2024-07-05 20:27:51"
231180,xxx,"2024-07-06 15:51:10"
231600,xxx,"2024-07-27 10:00:09"
231777,xxx,"2024-08-07 14:13:52"
231791,xxx,"2024-08-08 10:41:31"
231902,xxx,"2024-08-14 11:47:23"
231919,xxx,"2024-08-15 09:10:28"
232125,xxx,"2024-08-26 11:46:43"
232246,xxx,"2024-08-31 17:09:51"
232302,xxx,"2024-09-04 10:13:23"
232403,xxx,"2024-09-09 16:43:40"
232493,xxx,"2024-09-14 15:40:57"
232540,xxx,"2024-09-16 14:58:39"
232637,xxx,"2024-09-24 09:03:38"
232707,xxx,"2024-09-27 08:37:17"
232708,xxx,"2024-09-27 09:51:14"
232751,xxx,"2024-09-30 15:57:55"
232757,xxx,"2024-09-30 17:21:50"
232773,xxx,"2024-10-01 13:32:22"
232861,xxx,"2024-10-07 13:24:20"
232966,xxx,"2024-10-14 12:23:46"
233337,xxx,"2024-11-07 15:53:18"
233349,xxx,"2024-11-08 13:31:53"
233353,xxx,"2024-11-08 14:13:11"
233404,xxx,"2024-11-12 11:57:26"
233652,xxx,"2024-11-27 11:36:35"
233692,xxx,"2024-11-29 13:32:05"
233710,xxx,"2024-12-01 11:59:22"
233753,xxx,"2024-12-04 13:47:38"
233754,xxx,"2024-12-04 14:03:46"
233913,xxx,"2024-12-16 14:02:13"
233931,xxx,"2024-12-17 10:28:45"
233982,xxx,"2024-12-19 14:44:01"
233994,xxx,"2024-12-20 09:58:29"
234083,xxx,"2024-12-30 10:03:21"
234084,xxx,"2024-12-30 10:08:43"
234086,xxx,"2024-12-30 10:53:05"
234170,xxx,"2025-01-07 10:51:40"
234256,xxx,"2025-01-13 12:30:13"
234284,xxx,"2025-01-14 16:54:14"
234475,xxx,"2025-01-29 15:24:27"
234600,xxx,"2025-02-05 06:46:08"
234605,xxx,"2025-02-05 11:09:58"
234631,xxx,"2025-02-06 18:08:52"
234905,xxx,"2025-02-25 07:23:18"
235041,xxx,"2025-03-06 08:12:28"
235174,xxx,"2025-03-14 11:38:09"
235229,xxx,"2025-03-19 09:55:57"
235243,xxx,"2025-03-19 14:39:19"
235284,xxx,"2025-03-22 18:21:42"
235294,xxx,"2025-03-24 08:43:26"
235340,xxx,"2025-03-26 14:33:28"
235447,xxx,"2025-04-02 07:58:01"
235903,xxx,"2025-05-02 20:50:00"
235946,xxx,"2025-05-06 09:33:25"
235989,xxx,"2025-05-07 13:50:43"
236116,xxx,"2025-05-14 12:56:32"
236213,xxx,"2025-05-21 13:35:11"
236305,xxx,"2025-05-28 11:24:15"
236764,xxx,"2025-07-01 15:01:23"
236770,xxx,"2025-07-02 09:12:38"
236801,xxx,"2025-07-03 10:59:51"
236813,xxx,"2025-07-04 09:53:24"
236960,xxx,"2025-07-15 09:53:04"
237101,xxx,"2025-07-23 17:26:55"
237170,xxx,"2025-07-29 08:02:54"
237271,xxx,"2025-08-06 08:19:20"
237337,xxx,"2025-08-11 22:08:16"
237420,xxx,"2025-08-19 14:27:37"
237423,xxx,"2025-08-19 15:12:59"
237515,xxx,"2025-08-26 16:07:38"
237536,xxx,"2025-08-27 15:42:20"
237613,xxx,"2025-09-03 10:41:49"
237640,xxx,"2025-09-05 12:08:40"
237678,xxx,"2025-09-09 09:04:13"
237769,xxx,"2025-09-16 15:33:35"
237805,xxx,"2025-09-18 21:08:32"
238005,xxx,"2025-10-02 10:58:49"
238029,xxx,"2025-10-04 23:16:08"
238312,xxx,"2025-10-24 18:03:15"
238375,xxx,"2025-10-29 21:54:39"
238465,xxx,"2025-11-05 23:17:50"
238544,xxx,"2025-11-12 16:10:46"
238630,xxx,"2025-11-19 09:50:19"
238633,xxx,"2025-11-19 09:59:46"
